Workbook

Sheet Program targeting
C1: Targeted to (populations) | R1: Targeted to (compartments)
A2: Abbreviation | B2: Display name | C2: Antenatal care: Humans | D2: Asphyxia: Humans | E2: Anemia: Humans | F2: Hemorrhage: Humans | G2: Maternal sepsis: Humans | H2: Preeclampsia: Humans | I2: Maternal nutrition: Humans | J2: Obstructed labor: Humans | K2: Other neonatal conditions: Humans | L2: Neonatal sepsis: Humans | M2: Preterm: Humans | N2: RDS: Humans | O2: Wasting: Humans | P2: Stunting: Humans | R2: Antenatal care: ANC contacts 1st trimester | S2: Antenatal care: No ANC contacts 1st trimester | T2: Antenatal care: Pregnancy loss 1st trimester | U2: Antenatal care: Pregnant 2nd trimester | V2: Antenatal care: Pregnancy loss 2nd trimester | W2: Antenatal care: Pregnant 3rd trimester | X2: Antenatal care: Pregnancy loss 3rd trimester | Y2: Antenatal care: Birth at referral facility | Z2: Antenatal care: Birth at other location | AA2: Asphyxia: Stillbirth occurs | AB2: Junction: Outcome for birth asphyxia at a referral facility | AC2: Healthy with respect to birth asphyxia before corrections | AD2: Birth asphyxia without encephalopathy before corrections | AE2: Asphyxia: Less severe disability due to encephalopathy before corrections | AF2: Asphyxia: Disability due to encephalopathy before corrections | AG2: Death due to encephalopathy (resulting from birth asphyxia) before corrections | AH2: Healthy with respect to birth asphyxia | AI2: Birth asphyxia without encephalopathy | AJ2: Asphyxia: Less severe disability due to encephalopathy | AK2: Asphyxia: Disability due to encephalopathy | AL2: Death due to encephalopathy (resulting from birth asphyxia) | AM2: Asphyxia: Other mortality sink | AN2: Junction anemia occurs during pregnancy | AO2: Junction proportion of identified mild anemia mitigated to healthy in 1st trimester | AP2: Junction proportion of identified moderate anemia mitigated to mild anemia in 1st trimester | AQ2: Junction proportion of identified severe anemia mitigated to moderate anemia in 1st trimester | AR2: Healthy with respect to anemia at the end of 1st trimester before corrections | AS2: Mild anemia at the end of 1st trimester before corrections | AT2: Moderate anemia at the end of 1st trimester before corrections | AU2: Severe anemia at the end of 1st trimester before corrections | AV2: Anemia: Junction non-naïve healthy population 1st trimester (for targeting) | AW2: Junction proportion of mild anemia identified in 2nd trimester | AX2: Junction proportion of moderate anemia identified in 2nd trimester | AY2: Junction proportion of severe anemia identified in 2nd trimester | AZ2: Junction proportion of identified mild anemia mitigated to healthy in 2nd trimester | BA2: Junction proportion of identified moderate anemia mitigated to mild anemia in 2nd trimester | BB2: Junction proportion of identified severe anemia mitigated to moderate anemia in 2nd trimester | BC2: Healthy with respect to anemia at the end of 2nd trimester before corrections | BD2: Mild anemia at the end of 2nd trimester before corrections | BE2: Moderate anemia at the end of 2nd trimester before corrections | BF2: Severe anemia at the end of 2nd trimester before corrections | BG2: Healthy with respect to anemia at the end of 3rd trimester before corrections | BH2: Mild anemia at the end of 3rd trimester before corrections | BI2: Moderate anemia at the end of 3rd trimester before corrections | BJ2: Severe anemia at the end of 3rd trimester before corrections | BK2: Junction: proportion of identified moderate anemia mitigated to mild anemia post-partum | BL2: Junction: proportion of identified severe anemia mitigated to moderate anemia post-partum | BM2: Healthy with respect to anemia at three months post-partum before corrections | BN2: Disability due to mild anemia at three months post-partum before corrections | BO2: Disability due to moderate anemia at three months post-partum before corrections | BP2: Disability due to severe anemia at three months post-partum before corrections | BQ2: Anemia: No longer pregnant due to maternal mortality or other pregnancy loss | BR2: Anemia: Maternal mortality due to other causes during three months post-partum | BS2: Healthy with respect to anemia at three months post-partum | BT2: Disability due to mild anemia at three months post-partum | BU2: Disability due to moderate anemia at three months post-partum | BV2: Disability due to severe anemia at three months post-partum | BW2: Junction: Outcome of hemorrhage occurring at a referral facility | BX2: Junction: Outcome of hemorrhage occurring at an other location | BY2: Healthy with respect to hemorrhage before corrections | BZ2: Less severe disability due to hemorrhage before corrections | CA2: Disability due to hemorrhage before corrections | CB2: Death due to hemorrhage before corrections | CC2: Healthy with respect to hemorrhage | CD2: Less severe disability due to hemorrhage | CE2: Disability due to hemorrhage | CF2: Death due to hemorrhage | CG2: Hemorrhage: Death due to other condition | CH2: Maternal sepsis: Junction: attends ANC and is targeted by AzPregnancy | CI2: Maternal sepsis: Junction: Sepsis occurs at a referral facility | CJ2: Healthy with respect to maternal sepsis naïve calculation | CK2: Lesser disability due to maternal sepsis naïve calculation | CL2: Disability due to maternal sepsis naïve calculation | CM2: Mortality due to maternal sepsis naïve calculation | CN2: Healthy with respect to maternal sepsis | CO2: Lesser disability due to maternal sepsis | CP2: Disability due to maternal sepsis | CQ2: Mortality due to maternal sepsis | CR2: Maternal sepsis: Mortality due to other causes | CS2: Preeclampsia mortality | CT2: Preeclampsia: Junction: Pre-eclampsia occurs | CU2: Preeclampsia: Healthy with respect to pre-eclampsia 1st trimester (naïve) | CV2: Preeclampsia: Pre-eclampsia averted due to prevention treatment (naïve) | CW2: Preeclampsia: Pre-eclampsia occurs during pregnancy (early or late) | CX2: Preeclampsia: Junction: Early onset pre-eclampsia occurs given low risk of pre-eclampsia 2nd trimester | CY2: Preeclampsia: Junction: Early onset Pre-eclampsia treated 2nd trimester | CZ2: Preeclampsia: Healthy with respect to pre-eclampsia 2nd trimester (naïve) | DA2: Preeclampsia: Pre-eclampsia averted due to prevention treatment after 2nd trimester (naïve) | DB2: Preeclampsia: Late onset pre-eclampsia will occur after 2nd trimester (naïve) | DC2: Preeclampsia: Early onset pre-eclampsia treated 2nd trimester (naïve) | DD2: Preeclampsia: Early onset pre-eclampsia not treated 2nd trimester (naïve) | DE2: Preeclampsia: Early onset pre-eclampsia mortality 2nd trimester (naïve) | DF2: Preeclampsia: Junction: Severe late onset Pre-eclampsia treated 3rd trimester | DG2: Preeclampsia: Junction: non_severe late onset Pre-eclampsia treated 3rd trimester | DH2: Preeclampsia: Healthy with respect to pre-eclampsia 3rd trimester (naïve) | DI2: Preeclampsia: Pre-eclampsia averted 3rd trimester (naïve) | DJ2: Preeclampsia: Late onset pre-eclampsia treated 3rd trimester (naïve) | DK2: Preeclampsia: Late onset pre-eclampsia not treated 3rd trimester (naïve) | DL2: Preeclampsia: Late onset pre-eclampsia mortality 3rd trimester (naïve) | DM2: Preeclampsia: Early onset pre-eclampsia treated 3rd trimester (naïve) | DN2: Preeclampsia: Early onset pre-eclampsia not treated 3rd trimester (naïve) | DO2: Preeclampsia: Healthy with respect to pre-eclampsia 3rd trimester | DP2: Preeclampsia: Pre-eclampsia averted 3rd trimester | DQ2: Preeclampsia: Late onset pre-eclampsia treated 3rd trimester | DR2: Preeclampsia: Late onset pre-eclampsia not treated 3rd trimester | DS2: Preeclampsia: Late onset pre-eclampsia mortality 3rd trimester | DT2: Preeclampsia: Early onset pre-eclampsia treated 3rd trimester | DU2: Preeclampsia: Early onset pre-eclampsia not treated 3rd trimester | DV2: Maternal nutrition: Junction: treated with nutrient supplement | DW2: Maternal nutrition: Healthy with respect to childbirth naïve | DX2: Maternal nutrition: Healthy with respect to childbirth | DY2: Junction: Outcome of obstructed labor occurring at a referral facility | DZ2: Obstructed labor: Junction: Junction for computing c-section costs | EA2: Healthy with respect to obstructed labor naïve calculation | EB2: Less severe disability due to obstructed labor naïve calculation | EC2: Disability due to obstructed labor naïve calculation | ED2: Death due to obstructed labor at a referral facility naïve calculation | EE2: Death due to obstructed labor not at a referral facility naïve calculation | EF2: Healthy with respect to obstructed labor | EG2: Less severe disability due to obstructed labor | EH2: Disability due to obstructed labor | EI2: Death due to obstructed labor at a referral facility | EJ2: Death due to obstructed labor not at a referral facility | EK2: Obstructed labor: Mortality due to other causes | EL2: Other neonatal conditions: Stillbirth occurs | EM2: Other neonatal conditions: Healthy with respect to other neonatal condition | EN2: Other neonatal conditions: Other neonatal condition occurs, no disability occurs | EO2: Other neonatal conditions: Other neonatal condition occurs, disability occurs | EP2: Other neonatal conditions: Mortality due to other neonatal_condition | EQ2: Other neonatal conditions: Mortality due to other causes captured in model sink | ER2: Neonatal sepsis: Stillbirth occurs | ES2: Junction: Neonatal sepsis occurs for an identified preterm/SGA neonate | ET2: Healthy with respect to neonatal sepsis before other mortality occurs | EU2: Neonatal sepsis without disability before other mortality occurs | EV2: Disability due to neonatal sepsis before other mortality occurs | EW2: Death due to neonatal sepsis before other mortality occurs | EX2: Healthy with respect to neonatal sepsis | EY2: Neonatal sepsis without disability | EZ2: Disability due to neonatal sepsis | FA2: Death due to neonatal sepsis | FB2: Junction: Referral facility outcome for preterm SGA | FC2: Junction: Other location outcome for preterm SGA | FD2: Junction: Referral facility outcome for preterm AGA | FE2: Junction: Other location outcome for preterm AGA | FF2: Preterm: Junction: Referral facility outcome for term SGA | FG2: Preterm: Junction: Other location outcome for term SGA | FH2: Preterm: Junction: Referral facility outcome for term AGA | FI2: Preterm: Junction: Other location outcome for term AGA | FJ2: Healthy with respect to preterm and SGA before corrections | FK2: Mortality due to preterm birth before corrections | FL2: Disbaility due to preterm SGA birth before corrections | FM2: Preterm SGA with no disability before corrections | FN2: Disbaility due to preterm birth before corrections | FO2: Preterm with no disability before corrections | FP2: Preterm: Mortality due to SGA birth before corrections | FQ2: Preterm: Disbaility due to SGA birth before corrections | FR2: Preterm: SGA with no disability before corrections | FS2: Preterm: Mortality due to other causes | FT2: Healthy with respect to preterm and SGA | FU2: Mortality due to preterm birth | FV2: Disbaility due to preterm SGA birth | FW2: Preterm SGA with no disability | FX2: Disbaility due to preterm birth | FY2: Preterm with no disability | FZ2: Preterm: Mortality due to SGA birth | GA2: Preterm: Disbaility due to SGA birth | GB2: Preterm: SGA with no disability | GC2: RDS: Stillbirth occurs | GD2: Junction: RDS occurs, preterm identified | GE2: Junction: RDS outcome for neonate greater than 28 weeks at other location | GF2: Healthy with respect to RDS before corrections | GG2: RDS: Birth asphyxia without encephalopathy before corrections | GH2: Death due to RDS (resulting from birth asphyxia) before corrections | GI2: Healthy with respect to RDS | GJ2: RDS: Birth asphyxia without encephalopathy | GK2: Death due to RDS (resulting from birth asphyxia) | GL2: RDS: Other mortality | GM2: Wasting: Other mortality | GN2: Junction: Outcome for those with wasting 8 days to 5 months from birth | GO2: Healthy, but at risk of wasting 8 days to 5 months from birth | GP2: Morbidity due to wasting, at risk of wasting 8 days to 5 months from birth | GQ2: Wasting: Less severe disability due to encephalopathy 8 days to 5 months from birth | GR2: Junction: Mortality due to hospitalized severe wasting 6 to 18 months from birth | GS2: Junction: Mortality due to hospitalized moderate wasting 6 to 18 months from birth | GT2: Junction: Mortality due to no illness or community based severe wasting 6 to 18 months from birth | GU2: Junction: Mortality due to no illness or community based moderate wasting 6 to 18 months from birth | GV2: Healthy, but at risk of wasting 6 to 18 months from birth | GW2: Morbidity due to wasting, at risk of wasting 6 to 18 months from birth | GX2: Mortality due to wasting 6 to 18 months from birth | GY2: Junction: Mortality due to hospitalized severe wasting 19 to 59 months from birth | GZ2: Junction: Mortality due to hospitalized moderate wasting 19 to 59 months from birth | HA2: Junction: Mortality due to no illness or community based severe wasting 19 to 59 months from birth | HB2: Junction: Mortality due to no illness or community based moderate wasting 19 to 59 months from birth | HC2: Healthy, but at risk of wasting 19 and 59 months from birth | HD2: Morbidity due to wasting, at risk of wasting 19 and 59 months from birth | HE2: Mortality due to wasting 19 to 59 months from births | HF2: Stunting: Stillbirth occurs | HG2: Healthy with respect to stunting before corrections | HH2: Disability due to stunting before corrections | HI2: Healthy with respect to stunting | HJ2: Disability due to stunting | HK2: Stunting: Mortality due to other causes sink
A3: soc_rutf_community_19-59_wasting_hm | B3: soc_rutf_community_19-59_wasting_hm | C3: N | D3: N | E3: N | F3: N | G3: N | H3: N | I3: N | J3: N | K3: N | L3: N | M3: N | N3: N | O3: Y | P3: N | R3: N | S3: N | T3: N | U3: N | V3: N | W3: N | X3: N | Y3: N | Z3: N | AA3: N | AB3: N | AC3: N | AD3: N | AE3: N | AF3: N | AG3: N | AH3: N | AI3: N | AJ3: N | AK3: N | AL3: N | AM3: N | AN3: N | AO3: N | AP3: N | AQ3: N | AR3: N | AS3: N | AT3: N | AU3: N | AV3: N | AW3: N | AX3: N | AY3: N | AZ3: N | BA3: N | BB3: N | BC3: N | BD3: N | BE3: N | BF3: N | BG3: N | BH3: N | BI3: N | BJ3: N | BK3: N | BL3: N | BM3: N | BN3: N | BO3: N | BP3: N | BQ3: N | BR3: N | BS3: N | BT3: N | BU3: N | BV3: N | BW3: N | BX3: N | BY3: N | BZ3: N | CA3: N | CB3: N | CC3: N | CD3: N | CE3: N | CF3: N | CG3: N | CH3: N | CI3: N | CJ3: N | CK3: N | CL3: N | CM3: N | CN3: N | CO3: N | CP3: N | CQ3: N | CR3: N | CS3: N | CT3: N | CU3: N | CV3: N | CW3: N | CX3: N | CY3: N | CZ3: N | DA3: N | DB3: N | DC3: N | DD3: N | DE3: N | DF3: N | DG3: N | DH3: N | DI3: N | DJ3: N | DK3: N | DL3: N | DM3: N | DN3: N | DO3: N | DP3: N | DQ3: N | DR3: N | DS3: N | DT3: N | DU3: N | DV3: N | DW3: N | DX3: N | DY3: N | DZ3: N | EA3: N | EB3: N | EC3: N | ED3: N | EE3: N | EF3: N | EG3: N | EH3: N | EI3: N | EJ3: N | EK3: N | EL3: N | EM3: N | EN3: N | EO3: N | EP3: N | EQ3: N | ER3: N | ES3: N | ET3: N | EU3: N | EV3: N | EW3: N | EX3: N | EY3: N | EZ3: N | FA3: N | FB3: N | FC3: N | FD3: N | FE3: N | FF3: N | FG3: N | FH3: N | FI3: N | FJ3: N | FK3: N | FL3: N | FM3: N | FN3: N | FO3: N | FP3: N | FQ3: N | FR3: N | FS3: N | FT3: N | FU3: N | FV3: N | FW3: N | FX3: N | FY3: N | FZ3: N | GA3: N | GB3: N | GC3: N | GD3: N | GE3: N | GF3: N | GG3: N | GH3: N | GI3: N | GJ3: N | GK3: N | GL3: N | GM3: N | GN3: N | GO3: N | GP3: N | GQ3: N | GR3: N | GS3: N | GT3: N | GU3: N | GV3: N | GW3: N | GX3: N | GY3: N | GZ3: N | HA3: Y | HB3: Y | HC3: N | HD3: N | HE3: N | HF3: N | HG3: N | HH3: N | HI3: N | HJ3: N | HK3: N
A4: soc_rutf_community_6-18_wasting_hm | B4: soc_rutf_community_6-18_wasting_hm | C4: N | D4: N | E4: N | F4: N | G4: N | H4: N | I4: N | J4: N | K4: N | L4: N | M4: N | N4: N | O4: Y | P4: N | R4: N | S4: N | T4: N | U4: N | V4: N | W4: N | X4: N | Y4: N | Z4: N | AA4: N | AB4: N | AC4: N | AD4: N | AE4: N | AF4: N | AG4: N | AH4: N | AI4: N | AJ4: N | AK4: N | AL4: N | AM4: N | AN4: N | AO4: N | AP4: N | AQ4: N | AR4: N | AS4: N | AT4: N | AU4: N | AV4: N | AW4: N | AX4: N | AY4: N | AZ4: N | BA4: N | BB4: N | BC4: N | BD4: N | BE4: N | BF4: N | BG4: N | BH4: N | BI4: N | BJ4: N | BK4: N | BL4: N | BM4: N | BN4: N | BO4: N | BP4: N | BQ4: N | BR4: N | BS4: N | BT4: N | BU4: N | BV4: N | BW4: N | BX4: N | BY4: N | BZ4: N | CA4: N | CB4: N | CC4: N | CD4: N | CE4: N | CF4: N | CG4: N | CH4: N | CI4: N | CJ4: N | CK4: N | CL4: N | CM4: N | CN4: N | CO4: N | CP4: N | CQ4: N | CR4: N | CS4: N | CT4: N | CU4: N | CV4: N | CW4: N | CX4: N | CY4: N | CZ4: N | DA4: N | DB4: N | DC4: N | DD4: N | DE4: N | DF4: N | DG4: N | DH4: N | DI4: N | DJ4: N | DK4: N | DL4: N | DM4: N | DN4: N | DO4: N | DP4: N | DQ4: N | DR4: N | DS4: N | DT4: N | DU4: N | DV4: N | DW4: N | DX4: N | DY4: N | DZ4: N | EA4: N | EB4: N | EC4: N | ED4: N | EE4: N | EF4: N | EG4: N | EH4: N | EI4: N | EJ4: N | EK4: N | EL4: N | EM4: N | EN4: N | EO4: N | EP4: N | EQ4: N | ER4: N | ES4: N | ET4: N | EU4: N | EV4: N | EW4: N | EX4: N | EY4: N | EZ4: N | FA4: N | FB4: N | FC4: N | FD4: N | FE4: N | FF4: N | FG4: N | FH4: N | FI4: N | FJ4: N | FK4: N | FL4: N | FM4: N | FN4: N | FO4: N | FP4: N | FQ4: N | FR4: N | FS4: N | FT4: N | FU4: N | FV4: N | FW4: N | FX4: N | FY4: N | FZ4: N | GA4: N | GB4: N | GC4: N | GD4: N | GE4: N | GF4: N | GG4: N | GH4: N | GI4: N | GJ4: N | GK4: N | GL4: N | GM4: N | GN4: N | GO4: N | GP4: N | GQ4: N | GR4: N | GS4: N | GT4: Y | GU4: Y | GV4: N | GW4: N | GX4: N | GY4: N | GZ4: N | HA4: N | HB4: N | HC4: N | HD4: N | HE4: N | HF4: N | HG4: N | HH4: N | HI4: N | HJ4: N | HK4: N
A5: soc_rutf_hospitalized_19-59_wasting_hm | B5: soc_rutf_hospitalized_19-59_wasting_hm | C5: N | D5: N | E5: N | F5: N | G5: N | H5: N | I5: N | J5: N | K5: N | L5: N | M5: N | N5: N | O5: Y | P5: N | R5: N | S5: N | T5: N | U5: N | V5: N | W5: N | X5: N | Y5: N | Z5: N | AA5: N | AB5: N | AC5: N | AD5: N | AE5: N | AF5: N | AG5: N | AH5: N | AI5: N | AJ5: N | AK5: N | AL5: N | AM5: N | AN5: N | AO5: N | AP5: N | AQ5: N | AR5: N | AS5: N | AT5: N | AU5: N | AV5: N | AW5: N | AX5: N | AY5: N | AZ5: N | BA5: N | BB5: N | BC5: N | BD5: N | BE5: N | BF5: N | BG5: N | BH5: N | BI5: N | BJ5: N | BK5: N | BL5: N | BM5: N | BN5: N | BO5: N | BP5: N | BQ5: N | BR5: N | BS5: N | BT5: N | BU5: N | BV5: N | BW5: N | BX5: N | BY5: N | BZ5: N | CA5: N | CB5: N | CC5: N | CD5: N | CE5: N | CF5: N | CG5: N | CH5: N | CI5: N | CJ5: N | CK5: N | CL5: N | CM5: N | CN5: N | CO5: N | CP5: N | CQ5: N | CR5: N | CS5: N | CT5: N | CU5: N | CV5: N | CW5: N | CX5: N | CY5: N | CZ5: N | DA5: N | DB5: N | DC5: N | DD5: N | DE5: N | DF5: N | DG5: N | DH5: N | DI5: N | DJ5: N | DK5: N | DL5: N | DM5: N | DN5: N | DO5: N | DP5: N | DQ5: N | DR5: N | DS5: N | DT5: N | DU5: N | DV5: N | DW5: N | DX5: N | DY5: N | DZ5: N | EA5: N | EB5: N | EC5: N | ED5: N | EE5: N | EF5: N | EG5: N | EH5: N | EI5: N | EJ5: N | EK5: N | EL5: N | EM5: N | EN5: N | EO5: N | EP5: N | EQ5: N | ER5: N | ES5: N | ET5: N | EU5: N | EV5: N | EW5: N | EX5: N | EY5: N | EZ5: N | FA5: N | FB5: N | FC5: N | FD5: N | FE5: N | FF5: N | FG5: N | FH5: N | FI5: N | FJ5: N | FK5: N | FL5: N | FM5: N | FN5: N | FO5: N | FP5: N | FQ5: N | FR5: N | FS5: N | FT5: N | FU5: N | FV5: N | FW5: N | FX5: N | FY5: N | FZ5: N | GA5: N | GB5: N | GC5: N | GD5: N | GE5: N | GF5: N | GG5: N | GH5: N | GI5: N | GJ5: N | GK5: N | GL5: N | GM5: N | GN5: N | GO5: N | GP5: N | GQ5: N | GR5: N | GS5: N | GT5: N | GU5: N | GV5: N | GW5: N | GX5: N | GY5: Y | GZ5: Y | HA5: N | HB5: N | HC5: N | HD5: N | HE5: N | HF5: N | HG5: N | HH5: N | HI5: N | HJ5: N | HK5: N
A6: soc_rutf_hospitalized_6-18_wasting_hm | B6: soc_rutf_hospitalized_6-18_wasting_hm | C6: N | D6: N | E6: N | F6: N | G6: N | H6: N | I6: N | J6: N | K6: N | L6: N | M6: N | N6: N | O6: Y | P6: N | R6: N | S6: N | T6: N | U6: N | V6: N | W6: N | X6: N | Y6: N | Z6: N | AA6: N | AB6: N | AC6: N | AD6: N | AE6: N | AF6: N | AG6: N | AH6: N | AI6: N | AJ6: N | AK6: N | AL6: N | AM6: N | AN6: N | AO6: N | AP6: N | AQ6: N | AR6: N | AS6: N | AT6: N | AU6: N | AV6: N | AW6: N | AX6: N | AY6: N | AZ6: N | BA6: N | BB6: N | BC6: N | BD6: N | BE6: N | BF6: N | BG6: N | BH6: N | BI6: N | BJ6: N | BK6: N | BL6: N | BM6: N | BN6: N | BO6: N | BP6: N | BQ6: N | BR6: N | BS6: N | BT6: N | BU6: N | BV6: N | BW6: N | BX6: N | BY6: N | BZ6: N | CA6: N | CB6: N | CC6: N | CD6: N | CE6: N | CF6: N | CG6: N | CH6: N | CI6: N | CJ6: N | CK6: N | CL6: N | CM6: N | CN6: N | CO6: N | CP6: N | CQ6: N | CR6: N | CS6: N | CT6: N | CU6: N | CV6: N | CW6: N | CX6: N | CY6: N | CZ6: N | DA6: N | DB6: N | DC6: N | DD6: N | DE6: N | DF6: N | DG6: N | DH6: N | DI6: N | DJ6: N | DK6: N | DL6: N | DM6: N | DN6: N | DO6: N | DP6: N | DQ6: N | DR6: N | DS6: N | DT6: N | DU6: N | DV6: N | DW6: N | DX6: N | DY6: N | DZ6: N | EA6: N | EB6: N | EC6: N | ED6: N | EE6: N | EF6: N | EG6: N | EH6: N | EI6: N | EJ6: N | EK6: N | EL6: N | EM6: N | EN6: N | EO6: N | EP6: N | EQ6: N | ER6: N | ES6: N | ET6: N | EU6: N | EV6: N | EW6: N | EX6: N | EY6: N | EZ6: N | FA6: N | FB6: N | FC6: N | FD6: N | FE6: N | FF6: N | FG6: N | FH6: N | FI6: N | FJ6: N | FK6: N | FL6: N | FM6: N | FN6: N | FO6: N | FP6: N | FQ6: N | FR6: N | FS6: N | FT6: N | FU6: N | FV6: N | FW6: N | FX6: N | FY6: N | FZ6: N | GA6: N | GB6: N | GC6: N | GD6: N | GE6: N | GF6: N | GG6: N | GH6: N | GI6: N | GJ6: N | GK6: N | GL6: N | GM6: N | GN6: N | GO6: N | GP6: N | GQ6: N | GR6: Y | GS6: Y | GT6: N | GU6: N | GV6: N | GW6: N | GX6: N | GY6: N | GZ6: N | HA6: N | HB6: N | HC6: N | HD6: N | HE6: N | HF6: N | HG6: N | HH6: N | HI6: N | HJ6: N | HK6: N
A7: soc_iron_tablets_mild_first_trimester_an_hm | B7: soc_iron_tablets_mild_first_trimester_an_hm | C7: N | D7: N | E7: Y | F7: N | G7: N | H7: N | I7: N | J7: N | K7: N | L7: N | M7: N | N7: N | O7: N | P7: N | R7: N | S7: N | T7: N | U7: N | V7: N | W7: N | X7: N | Y7: N | Z7: N | AA7: N | AB7: N | AC7: N | AD7: N | AE7: N | AF7: N | AG7: N | AH7: N | AI7: N | AJ7: N | AK7: N | AL7: N | AM7: N | AN7: N | AO7: Y | AP7: N | AQ7: N | AR7: N | AS7: N | AT7: N | AU7: N | AV7: N | AW7: N | AX7: N | AY7: N | AZ7: N | BA7: N | BB7: N | BC7: N | BD7: N | BE7: N | BF7: N | BG7: N | BH7: N | BI7: N | BJ7: N | BK7: N | BL7: N | BM7: N | BN7: N | BO7: N | BP7: N | BQ7: N | BR7: N | BS7: N | BT7: N | BU7: N | BV7: N | BW7: N | BX7: N | BY7: N | BZ7: N | CA7: N | CB7: N | CC7: N | CD7: N | CE7: N | CF7: N | CG7: N | CH7: N | CI7: N | CJ7: N | CK7: N | CL7: N | CM7: N | CN7: N | CO7: N | CP7: N | CQ7: N | CR7: N | CS7: N | CT7: N | CU7: N | CV7: N | CW7: N | CX7: N | CY7: N | CZ7: N | DA7: N | DB7: N | DC7: N | DD7: N | DE7: N | DF7: N | DG7: N | DH7: N | DI7: N | DJ7: N | DK7: N | DL7: N | DM7: N | DN7: N | DO7: N | DP7: N | DQ7: N | DR7: N | DS7: N | DT7: N | DU7: N | DV7: N | DW7: N | DX7: N | DY7: N | DZ7: N | EA7: N | EB7: N | EC7: N | ED7: N | EE7: N | EF7: N | EG7: N | EH7: N | EI7: N | EJ7: N | EK7: N | EL7: N | EM7: N | EN7: N | EO7: N | EP7: N | EQ7: N | ER7: N | ES7: N | ET7: N | EU7: N | EV7: N | EW7: N | EX7: N | EY7: N | EZ7: N | FA7: N | FB7: N | FC7: N | FD7: N | FE7: N | FF7: N | FG7: N | FH7: N | FI7: N | FJ7: N | FK7: N | FL7: N | FM7: N | FN7: N | FO7: N | FP7: N | FQ7: N | FR7: N | FS7: N | FT7: N | FU7: N | FV7: N | FW7: N | FX7: N | FY7: N | FZ7: N | GA7: N | GB7: N | GC7: N | GD7: N | GE7: N | GF7: N | GG7: N | GH7: N | GI7: N | GJ7: N | GK7: N | GL7: N | GM7: N | GN7: N | GO7: N | GP7: N | GQ7: N | GR7: N | GS7: N | GT7: N | GU7: N | GV7: N | GW7: N | GX7: N | GY7: N | GZ7: N | HA7: N | HB7: N | HC7: N | HD7: N | HE7: N | HF7: N | HG7: N | HH7: N | HI7: N | HJ7: N | HK7: N
A8: soc_iron_tablets_mild_second_trimester_an_hm | B8: soc_iron_tablets_mild_second_trimester_an_hm | C8: N | D8: N | E8: Y | F8: N | G8: N | H8: N | I8: N | J8: N | K8: N | L8: N | M8: N | N8: N | O8: N | P8: N | R8: N | S8: N | T8: N | U8: N | V8: N | W8: N | X8: N | Y8: N | Z8: N | AA8: N | AB8: N | AC8: N | AD8: N | AE8: N | AF8: N | AG8: N | AH8: N | AI8: N | AJ8: N | AK8: N | AL8: N | AM8: N | AN8: N | AO8: N | AP8: N | AQ8: N | AR8: N | AS8: N | AT8: N | AU8: N | AV8: N | AW8: N | AX8: N | AY8: N | AZ8: Y | BA8: N | BB8: N | BC8: N | BD8: N | BE8: N | BF8: N | BG8: N | BH8: N | BI8: N | BJ8: N | BK8: N | BL8: N | BM8: N | BN8: N | BO8: N | BP8: N | BQ8: N | BR8: N | BS8: N | BT8: N | BU8: N | BV8: N | BW8: N | BX8: N | BY8: N | BZ8: N | CA8: N | CB8: N | CC8: N | CD8: N | CE8: N | CF8: N | CG8: N | CH8: N | CI8: N | CJ8: N | CK8: N | CL8: N | CM8: N | CN8: N | CO8: N | CP8: N | CQ8: N | CR8: N | CS8: N | CT8: N | CU8: N | CV8: N | CW8: N | CX8: N | CY8: N | CZ8: N | DA8: N | DB8: N | DC8: N | DD8: N | DE8: N | DF8: N | DG8: N | DH8: N | DI8: N | DJ8: N | DK8: N | DL8: N | DM8: N | DN8: N | DO8: N | DP8: N | DQ8: N | DR8: N | DS8: N | DT8: N | DU8: N | DV8: N | DW8: N | DX8: N | DY8: N | DZ8: N | EA8: N | EB8: N | EC8: N | ED8: N | EE8: N | EF8: N | EG8: N | EH8: N | EI8: N | EJ8: N | EK8: N | EL8: N | EM8: N | EN8: N | EO8: N | EP8: N | EQ8: N | ER8: N | ES8: N | ET8: N | EU8: N | EV8: N | EW8: N | EX8: N | EY8: N | EZ8: N | FA8: N | FB8: N | FC8: N | FD8: N | FE8: N | FF8: N | FG8: N | FH8: N | FI8: N | FJ8: N | FK8: N | FL8: N | FM8: N | FN8: N | FO8: N | FP8: N | FQ8: N | FR8: N | FS8: N | FT8: N | FU8: N | FV8: N | FW8: N | FX8: N | FY8: N | FZ8: N | GA8: N | GB8: N | GC8: N | GD8: N | GE8: N | GF8: N | GG8: N | GH8: N | GI8: N | GJ8: N | GK8: N | GL8: N | GM8: N | GN8: N | GO8: N | GP8: N | GQ8: N | GR8: N | GS8: N | GT8: N | GU8: N | GV8: N | GW8: N | GX8: N | GY8: N | GZ8: N | HA8: N | HB8: N | HC8: N | HD8: N | HE8: N | HF8: N | HG8: N | HH8: N | HI8: N | HJ8: N | HK8: N
A9: soc_iron_tablets_moderate_first_trimester_an_hm | B9: soc_iron_tablets_moderate_first_trimester_an_hm | C9: N | D9: N | E9: Y | F9: N | G9: N | H9: N | I9: N | J9: N | K9: N | L9: N | M9: N | N9: N | O9: N | P9: N | R9: N | S9: N | T9: N | U9: N | V9: N | W9: N | X9: N | Y9: N | Z9: N | AA9: N | AB9: N | AC9: N | AD9: N | AE9: N | AF9: N | AG9: N | AH9: N | AI9: N | AJ9: N | AK9: N | AL9: N | AM9: N | AN9: N | AO9: N | AP9: Y | AQ9: N | AR9: N | AS9: N | AT9: N | AU9: N | AV9: N | AW9: N | AX9: N | AY9: N | AZ9: N | BA9: N | BB9: N | BC9: N | BD9: N | BE9: N | BF9: N | BG9: N | BH9: N | BI9: N | BJ9: N | BK9: N | BL9: N | BM9: N | BN9: N | BO9: N | BP9: N | BQ9: N | BR9: N | BS9: N | BT9: N | BU9: N | BV9: N | BW9: N | BX9: N | BY9: N | BZ9: N | CA9: N | CB9: N | CC9: N | CD9: N | CE9: N | CF9: N | CG9: N | CH9: N | CI9: N | CJ9: N | CK9: N | CL9: N | CM9: N | CN9: N | CO9: N | CP9: N | CQ9: N | CR9: N | CS9: N | CT9: N | CU9: N | CV9: N | CW9: N | CX9: N | CY9: N | CZ9: N | DA9: N | DB9: N | DC9: N | DD9: N | DE9: N | DF9: N | DG9: N | DH9: N | DI9: N | DJ9: N | DK9: N | DL9: N | DM9: N | DN9: N | DO9: N | DP9: N | DQ9: N | DR9: N | DS9: N | DT9: N | DU9: N | DV9: N | DW9: N | DX9: N | DY9: N | DZ9: N | EA9: N | EB9: N | EC9: N | ED9: N | EE9: N | EF9: N | EG9: N | EH9: N | EI9: N | EJ9: N | EK9: N | EL9: N | EM9: N | EN9: N | EO9: N | EP9: N | EQ9: N | ER9: N | ES9: N | ET9: N | EU9: N | EV9: N | EW9: N | EX9: N | EY9: N | EZ9: N | FA9: N | FB9: N | FC9: N | FD9: N | FE9: N | FF9: N | FG9: N | FH9: N | FI9: N | FJ9: N | FK9: N | FL9: N | FM9: N | FN9: N | FO9: N | FP9: N | FQ9: N | FR9: N | FS9: N | FT9: N | FU9: N | FV9: N | FW9: N | FX9: N | FY9: N | FZ9: N | GA9: N | GB9: N | GC9: N | GD9: N | GE9: N | GF9: N | GG9: N | GH9: N | GI9: N | GJ9: N | GK9: N | GL9: N | GM9: N | GN9: N | GO9: N | GP9: N | GQ9: N | GR9: N | GS9: N | GT9: N | GU9: N | GV9: N | GW9: N | GX9: N | GY9: N | GZ9: N | HA9: N | HB9: N | HC9: N | HD9: N | HE9: N | HF9: N | HG9: N | HH9: N | HI9: N | HJ9: N | HK9: N
A10: soc_iron_tablets_moderate_second_trimester_an_hm | B10: soc_iron_tablets_moderate_second_trimester_an_hm | C10: N | D10: N | E10: Y | F10: N | G10: N | H10: N | I10: N | J10: N | K10: N | L10: N | M10: N | N10: N | O10: N | P10: N | R10: N | S10: N | T10: N | U10: N | V10: N | W10: N | X10: N | Y10: N | Z10: N | AA10: N | AB10: N | AC10: N | AD10: N | AE10: N | AF10: N | AG10: N | AH10: N | AI10: N | AJ10: N | AK10: N | AL10: N | AM10: N | AN10: N | AO10: N | AP10: N | AQ10: N | AR10: N | AS10: N | AT10: N | AU10: N | AV10: N | AW10: N | AX10: N | AY10: N | AZ10: N | BA10: Y | BB10: N | BC10: N | BD10: N | BE10: N | BF10: N | BG10: N | BH10: N | BI10: N | BJ10: N | BK10: N | BL10: N | BM10: N | BN10: N | BO10: N | BP10: N | BQ10: N | BR10: N | BS10: N | BT10: N | BU10: N | BV10: N | BW10: N | BX10: N | BY10: N | BZ10: N | CA10: N | CB10: N | CC10: N | CD10: N | CE10: N | CF10: N | CG10: N | CH10: N | CI10: N | CJ10: N | CK10: N | CL10: N | CM10: N | CN10: N | CO10: N | CP10: N | CQ10: N | CR10: N | CS10: N | CT10: N | CU10: N | CV10: N | CW10: N | CX10: N | CY10: N | CZ10: N | DA10: N | DB10: N | DC10: N | DD10: N | DE10: N | DF10: N | DG10: N | DH10: N | DI10: N | DJ10: N | DK10: N | DL10: N | DM10: N | DN10: N | DO10: N | DP10: N | DQ10: N | DR10: N | DS10: N | DT10: N | DU10: N | DV10: N | DW10: N | DX10: N | DY10: N | DZ10: N | EA10: N | EB10: N | EC10: N | ED10: N | EE10: N | EF10: N | EG10: N | EH10: N | EI10: N | EJ10: N | EK10: N | EL10: N | EM10: N | EN10: N | EO10: N | EP10: N | EQ10: N | ER10: N | ES10: N | ET10: N | EU10: N | EV10: N | EW10: N | EX10: N | EY10: N | EZ10: N | FA10: N | FB10: N | FC10: N | FD10: N | FE10: N | FF10: N | FG10: N | FH10: N | FI10: N | FJ10: N | FK10: N | FL10: N | FM10: N | FN10: N | FO10: N | FP10: N | FQ10: N | FR10: N | FS10: N | FT10: N | FU10: N | FV10: N | FW10: N | FX10: N | FY10: N | FZ10: N | GA10: N | GB10: N | GC10: N | GD10: N | GE10: N | GF10: N | GG10: N | GH10: N | GI10: N | GJ10: N | GK10: N | GL10: N | GM10: N | GN10: N | GO10: N | GP10: N | GQ10: N | GR10: N | GS10: N | GT10: N | GU10: N | GV10: N | GW10: N | GX10: N | GY10: N | GZ10: N | HA10: N | HB10: N | HC10: N | HD10: N | HE10: N | HF10: N | HG10: N | HH10: N | HI10: N | HJ10: N | HK10: N
A11: soc_iron_tablets_severe_first_trimester_an_hm | B11: soc_iron_tablets_severe_first_trimester_an_hm | C11: N | D11: N | E11: Y | F11: N | G11: N | H11: N | I11: N | J11: N | K11: N | L11: N | M11: N | N11: N | O11: N | P11: N | R11: N | S11: N | T11: N | U11: N | V11: N | W11: N | X11: N | Y11: N | Z11: N | AA11: N | AB11: N | AC11: N | AD11: N | AE11: N | AF11: N | AG11: N | AH11: N | AI11: N | AJ11: N | AK11: N | AL11: N | AM11: N | AN11: N | AO11: N | AP11: N | AQ11: Y | AR11: N | AS11: N | AT11: N | AU11: N | AV11: N | AW11: N | AX11: N | AY11: N | AZ11: N | BA11: N | BB11: N | BC11: N | BD11: N | BE11: N | BF11: N | BG11: N | BH11: N | BI11: N | BJ11: N | BK11: N | BL11: N | BM11: N | BN11: N | BO11: N | BP11: N | BQ11: N | BR11: N | BS11: N | BT11: N | BU11: N | BV11: N | BW11: N | BX11: N | BY11: N | BZ11: N | CA11: N | CB11: N | CC11: N | CD11: N | CE11: N | CF11: N | CG11: N | CH11: N | CI11: N | CJ11: N | CK11: N | CL11: N | CM11: N | CN11: N | CO11: N | CP11: N | CQ11: N | CR11: N | CS11: N | CT11: N | CU11: N | CV11: N | CW11: N | CX11: N | CY11: N | CZ11: N | DA11: N | DB11: N | DC11: N | DD11: N | DE11: N | DF11: N | DG11: N | DH11: N | DI11: N | DJ11: N | DK11: N | DL11: N | DM11: N | DN11: N | DO11: N | DP11: N | DQ11: N | DR11: N | DS11: N | DT11: N | DU11: N | DV11: N | DW11: N | DX11: N | DY11: N | DZ11: N | EA11: N | EB11: N | EC11: N | ED11: N | EE11: N | EF11: N | EG11: N | EH11: N | EI11: N | EJ11: N | EK11: N | EL11: N | EM11: N | EN11: N | EO11: N | EP11: N | EQ11: N | ER11: N | ES11: N | ET11: N | EU11: N | EV11: N | EW11: N | EX11: N | EY11: N | EZ11: N | FA11: N | FB11: N | FC11: N | FD11: N | FE11: N | FF11: N | FG11: N | FH11: N | FI11: N | FJ11: N | FK11: N | FL11: N | FM11: N | FN11: N | FO11: N | FP11: N | FQ11: N | FR11: N | FS11: N | FT11: N | FU11: N | FV11: N | FW11: N | FX11: N | FY11: N | FZ11: N | GA11: N | GB11: N | GC11: N | GD11: N | GE11: N | GF11: N | GG11: N | GH11: N | GI11: N | GJ11: N | GK11: N | GL11: N | GM11: N | GN11: N | GO11: N | GP11: N | GQ11: N | GR11: N | GS11: N | GT11: N | GU11: N | GV11: N | GW11: N | GX11: N | GY11: N | GZ11: N | HA11: N | HB11: N | HC11: N | HD11: N | HE11: N | HF11: N | HG11: N | HH11: N | HI11: N | HJ11: N | HK11: N
A12: soc_iron_tablets_severe_second_trimester_an_hm | B12: soc_iron_tablets_severe_second_trimester_an_hm | C12: N | D12: N | E12: Y | F12: N | G12: N | H12: N | I12: N | J12: N | K12: N | L12: N | M12: N | N12: N | O12: N | P12: N | R12: N | S12: N | T12: N | U12: N | V12: N | W12: N | X12: N | Y12: N | Z12: N | AA12: N | AB12: N | AC12: N | AD12: N | AE12: N | AF12: N | AG12: N | AH12: N | AI12: N | AJ12: N | AK12: N | AL12: N | AM12: N | AN12: N | AO12: N | AP12: N | AQ12: N | AR12: N | AS12: N | AT12: N | AU12: N | AV12: N | AW12: N | AX12: N | AY12: N | AZ12: N | BA12: N | BB12: Y | BC12: N | BD12: N | BE12: N | BF12: N | BG12: N | BH12: N | BI12: N | BJ12: N | BK12: N | BL12: N | BM12: N | BN12: N | BO12: N | BP12: N | BQ12: N | BR12: N | BS12: N | BT12: N | BU12: N | BV12: N | BW12: N | BX12: N | BY12: N | BZ12: N | CA12: N | CB12: N | CC12: N | CD12: N | CE12: N | CF12: N | CG12: N | CH12: N | CI12: N | CJ12: N | CK12: N | CL12: N | CM12: N | CN12: N | CO12: N | CP12: N | CQ12: N | CR12: N | CS12: N | CT12: N | CU12: N | CV12: N | CW12: N | CX12: N | CY12: N | CZ12: N | DA12: N | DB12: N | DC12: N | DD12: N | DE12: N | DF12: N | DG12: N | DH12: N | DI12: N | DJ12: N | DK12: N | DL12: N | DM12: N | DN12: N | DO12: N | DP12: N | DQ12: N | DR12: N | DS12: N | DT12: N | DU12: N | DV12: N | DW12: N | DX12: N | DY12: N | DZ12: N | EA12: N | EB12: N | EC12: N | ED12: N | EE12: N | EF12: N | EG12: N | EH12: N | EI12: N | EJ12: N | EK12: N | EL12: N | EM12: N | EN12: N | EO12: N | EP12: N | EQ12: N | ER12: N | ES12: N | ET12: N | EU12: N | EV12: N | EW12: N | EX12: N | EY12: N | EZ12: N | FA12: N | FB12: N | FC12: N | FD12: N | FE12: N | FF12: N | FG12: N | FH12: N | FI12: N | FJ12: N | FK12: N | FL12: N | FM12: N | FN12: N | FO12: N | FP12: N | FQ12: N | FR12: N | FS12: N | FT12: N | FU12: N | FV12: N | FW12: N | FX12: N | FY12: N | FZ12: N | GA12: N | GB12: N | GC12: N | GD12: N | GE12: N | GF12: N | GG12: N | GH12: N | GI12: N | GJ12: N | GK12: N | GL12: N | GM12: N | GN12: N | GO12: N | GP12: N | GQ12: N | GR12: N | GS12: N | GT12: N | GU12: N | GV12: N | GW12: N | GX12: N | GY12: N | GZ12: N | HA12: N | HB12: N | HC12: N | HD12: N | HE12: N | HF12: N | HG12: N | HH12: N | HI12: N | HJ12: N | HK12: N
A13: noninvasive_hb_diagnostic_first_trimester_an_hm | B13: noninvasive_hb_diagnostic_first_trimester_an_hm | C13: N | D13: N | E13: Y | F13: N | G13: N | H13: N | I13: N | J13: N | K13: N | L13: N | M13: N | N13: N | O13: N | P13: N | R13: N | S13: N | T13: N | U13: N | V13: N | W13: N | X13: N | Y13: N | Z13: N | AA13: N | AB13: N | AC13: N | AD13: N | AE13: N | AF13: N | AG13: N | AH13: N | AI13: N | AJ13: N | AK13: N | AL13: N | AM13: N | AN13: Y | AO13: N | AP13: N | AQ13: N | AR13: N | AS13: N | AT13: N | AU13: N | AV13: N | AW13: N | AX13: N | AY13: N | AZ13: N | BA13: N | BB13: N | BC13: N | BD13: N | BE13: N | BF13: N | BG13: N | BH13: N | BI13: N | BJ13: N | BK13: N | BL13: N | BM13: N | BN13: N | BO13: N | BP13: N | BQ13: N | BR13: N | BS13: N | BT13: N | BU13: N | BV13: N | BW13: N | BX13: N | BY13: N | BZ13: N | CA13: N | CB13: N | CC13: N | CD13: N | CE13: N | CF13: N | CG13: N | CH13: N | CI13: N | CJ13: N | CK13: N | CL13: N | CM13: N | CN13: N | CO13: N | CP13: N | CQ13: N | CR13: N | CS13: N | CT13: N | CU13: N | CV13: N | CW13: N | CX13: N | CY13: N | CZ13: N | DA13: N | DB13: N | DC13: N | DD13: N | DE13: N | DF13: N | DG13: N | DH13: N | DI13: N | DJ13: N | DK13: N | DL13: N | DM13: N | DN13: N | DO13: N | DP13: N | DQ13: N | DR13: N | DS13: N | DT13: N | DU13: N | DV13: N | DW13: N | DX13: N | DY13: N | DZ13: N | EA13: N | EB13: N | EC13: N | ED13: N | EE13: N | EF13: N | EG13: N | EH13: N | EI13: N | EJ13: N | EK13: N | EL13: N | EM13: N | EN13: N | EO13: N | EP13: N | EQ13: N | ER13: N | ES13: N | ET13: N | EU13: N | EV13: N | EW13: N | EX13: N | EY13: N | EZ13: N | FA13: N | FB13: N | FC13: N | FD13: N | FE13: N | FF13: N | FG13: N | FH13: N | FI13: N | FJ13: N | FK13: N | FL13: N | FM13: N | FN13: N | FO13: N | FP13: N | FQ13: N | FR13: N | FS13: N | FT13: N | FU13: N | FV13: N | FW13: N | FX13: N | FY13: N | FZ13: N | GA13: N | GB13: N | GC13: N | GD13: N | GE13: N | GF13: N | GG13: N | GH13: N | GI13: N | GJ13: N | GK13: N | GL13: N | GM13: N | GN13: N | GO13: N | GP13: N | GQ13: N | GR13: N | GS13: N | GT13: N | GU13: N | GV13: N | GW13: N | GX13: N | GY13: N | GZ13: N | HA13: N | HB13: N | HC13: N | HD13: N | HE13: N | HF13: N | HG13: N | HH13: N | HI13: N | HJ13: N | HK13: N
... A20: soc_preeclampsia_treatment_third_trimester_severe_preecl_hm | B20: soc_preeclampsia_treatment_third_trimester_severe_preecl_hm | C20: N | D20: N | E20: N | F20: N | G20: N | H20: Y | I20: N | J20: N | K20: N | L20: N | M20: N | N20: N | O20: N | P20: N | R20: N | S20: N | T20: N | U20: N | V20: N | W20: N | X20: N | Y20: N | Z20: N | AA20: N | AB20: N | AC20: N | AD20: N | AE20: N | AF20: N | AG20: N | AH20: N | AI20: N | AJ20: N | AK20: N | AL20: N | AM20: N | AN20: N | AO20: N | AP20: N | AQ20: N | AR20: N | AS20: N | AT20: N | AU20: N | AV20: N | AW20: N | AX20: N | AY20: N | AZ20: N | BA20: N | BB20: N | BC20: N | BD20: N | BE20: N | BF20: N | BG20: N | BH20: N | BI20: N | BJ20: N | BK20: N | BL20: N | BM20: N | BN20: N | BO20: N | BP20: N | BQ20: N | BR20: N | BS20: N | BT20: N | BU20: N | BV20: N | BW20: N | BX20: N | BY20: N | BZ20: N | CA20: N | CB20: N | CC20: N | CD20: N | CE20: N | CF20: N | CG20: N | CH20: N | CI20: N | CJ20: N | CK20: N | CL20: N | CM20: N | CN20: N | CO20: N | CP20: N | CQ20: N | CR20: N | CS20: N | CT20: N | CU20: N | CV20: N | CW20: N | CX20: N | CY20: N | CZ20: N | DA20: N | DB20: N | DC20: N | DD20: N | DE20: N | DF20: Y | DG20: N | DH20: N | DI20: N | DJ20: N | DK20: N | DL20: N | DM20: N | DN20: N | DO20: N | DP20: N | DQ20: N | DR20: N | DS20: N | DT20: N | DU20: N | DV20: N | DW20: N | DX20: N | DY20: N | DZ20: N | EA20: N | EB20: N | EC20: N | ED20: N | EE20: N | EF20: N | EG20: N | EH20: N | EI20: N | EJ20: N | EK20: N | EL20: N | EM20: N | EN20: N | EO20: N | EP20: N | EQ20: N | ER20: N | ES20: N | ET20: N | EU20: N | EV20: N | EW20: N | EX20: N | EY20: N | EZ20: N | FA20: N | FB20: N | FC20: N | FD20: N | FE20: N | FF20: N | FG20: N | FH20: N | FI20: N | FJ20: N | FK20: N | FL20: N | FM20: N | FN20: N | FO20: N | FP20: N | FQ20: N | FR20: N | FS20: N | FT20: N | FU20: N | FV20: N | FW20: N | FX20: N | FY20: N | FZ20: N | GA20: N | GB20: N | GC20: N | GD20: N | GE20: N | GF20: N | GG20: N | GH20: N | GI20: N | GJ20: N | GK20: N | GL20: N | GM20: N | GN20: N | GO20: N | GP20: N | GQ20: N | GR20: N | GS20: N | GT20: N | GU20: N | GV20: N | GW20: N | GX20: N | GY20: N | GZ20: N | HA20: N | HB20: N | HC20: N | HD20: N | HE20: N | HF20: N | HG20: N | HH20: N | HI20: N | HJ20: N | HK20: N

Sheet Spending data
A1: ='Program targeting'!$B$3 -> soc_rutf_community_19-59_wasting_hm | B1: Provenance | C1: Units | D1: Uncertainty | E1: Assumption | G1: 2015 | H1: 2015.25 | I1: 2015.5 | J1: 2015.75 | K1: 2016 | L1: 2016.25 | M1: 2016.5 | N1: 2016.75 | O1: 2017 | P1: 2017.25 | Q1: 2017.5 | R1: 2017.75 | S1: 2018 | T1: 2018.25 | U1: 2018.5 | V1: 2018.75 | W1: 2019 | X1: 2019.25 | Y1: 2019.5 | Z1: 2019.75 | AA1: 2020 | AB1: 2020.25 | AC1: 2020.5 | AD1: 2020.75 | AE1: 2021 | AF1: 2021.25 | AG1: 2021.5 | AH1: 2021.75 | AI1: 2022 | AJ1: 2022.25 | AK1: 2022.5 | AL1: 2022.75 | AM1: 2023 | AN1: 2023.25 | AO1: 2023.5 | AP1: 2023.75 | AQ1: 2024 | AR1: 2024.25 | AS1: 2024.5 | AT1: 2024.75 | AU1: 2025 | AV1: 2025.25 | AW1: 2025.5 | AX1: 2025.75 | AY1: 2026 | AZ1: 2026.25 | BA1: 2026.5 | BB1: 2026.75 | BC1: 2027 | BD1: 2027.25 | BE1: 2027.5 | BF1: 2027.75 | BG1: 2028 | BH1: 2028.25 | BI1: 2028.5 | BJ1: 2028.75 | BK1: 2029 | BL1: 2029.25 | BM1: 2029.5 | BN1: 2029.75 | BO1: 2030 | BP1: 2030.25 | BQ1: 2030.5 | BR1: 2030.75 | BS1: 2031 | BT1: 2031.25 | BU1: 2031.5 | BV1: 2031.75 | BW1: 2032 | BX1: 2032.25 | BY1: 2032.5 | BZ1: 2032.75 | CA1: 2033 | CB1: 2033.25 | CC1: 2033.5 | CD1: 2033.75 | CE1: 2034 | CF1: 2034.25 | CG1: 2034.5 | CH1: 2034.75 | CI1: 2035 | CJ1: 2035.25 | CK1: 2035.5 | CL1: 2035.75 | CM1: 2036 | CN1: 2036.25 | CO1: 2036.5 | CP1: 2036.75 | CQ1: 2037 | CR1: 2037.25 | CS1: 2037.5 | CT1: 2037.75 | CU1: 2038 | CV1: 2038.25 | CW1: 2038.5 | CX1: 2038.75 | CY1: 2039 | CZ1: 2039.25 | DA1: 2039.5 | DB1: 2039.75 | DC1: 2040 | DD1: 2040.25 | DE1: 2040.5 | DF1: 2040.75 | DG1: 2041 | DH1: 2041.25 | DI1: 2041.5 | DJ1: 2041.75 | DK1: 2042 | DL1: 2042.25 | DM1: 2042.5 | DN1: 2042.75 | DO1: 2043 | DP1: 2043.25 | DQ1: 2043.5 | DR1: 2043.75 | DS1: 2044 | DT1: 2044.25 | DU1: 2044.5 | DV1: 2044.75 | DW1: 2045 | DX1: 2045.25 | DY1: 2045.5 | DZ1: 2045.75 | EA1: 2046 | EB1: 2046.25 | EC1: 2046.5 | ED1: 2046.75 | EE1: 2047 | EF1: 2047.25 | EG1: 2047.5 | EH1: 2047.75 | EI1: 2048 | EJ1: 2048.25 | EK1: 2048.5 | EL1: 2048.75 | EM1: 2049 | EN1: 2049.25 | EO1: 2049.5 | EP1: 2049.75 | EQ1: 2050 | ER1: 2050.25 | ES1: 2050.5 | ET1: 2050.75 | EU1: 2051 | EV1: 2051.25 | EW1: 2051.5 | EX1: 2051.75
A2: Annual spend | C2: $/year | F2: OR | G2: 1e+15 | H2: 1e+15 | I2: 1e+15 | J2: 1e+15 | K2: 1e+15 | L2: 1e+15 | M2: 1e+15 | N2: 1e+15 | O2: 1e+15 | P2: 1e+15 | Q2: 1e+15 | R2: 1e+15 | S2: 1e+15 | T2: 1e+15 | U2: 1e+15 | V2: 1e+15 | W2: 1e+15 | X2: 1e+15 | Y2: 1e+15 | Z2: 1e+15 | AA2: 1e+15 | AB2: 1e+15 | AC2: 1e+15 | AD2: 1e+15 | AE2: 1e+15 | AF2: 1e+15 | AG2: 1e+15 | AH2: 1e+15 | AI2: 1e+15 | AJ2: 1e+15 | AK2: 1e+15 | AL2: 1e+15 | AM2: 1e+15 | AN2: 1e+15 | AO2: 1e+15 | AP2: 1e+15 | AQ2: 1e+15 | AR2: 1e+15 | AS2: 1e+15 | AT2: 1e+15 | AU2: 1e+15 | AV2: 1e+15 | AW2: 1e+15 | AX2: 1e+15 | AY2: 1e+15 | AZ2: 1e+15 | BA2: 1e+15 | BB2: 1e+15 | BC2: 1e+15 | BD2: 1e+15 | BE2: 1e+15 | BF2: 1e+15 | BG2: 1e+15 | BH2: 1e+15 | BI2: 1e+15 | BJ2: 1e+15 | BK2: 1e+15 | BL2: 1e+15 | BM2: 1e+15 | BN2: 1e+15 | BO2: 1e+15 | BP2: 1e+15 | BQ2: 1e+15 | BR2: 1e+15 | BS2: 1e+15 | BT2: 1e+15 | BU2: 1e+15 | BV2: 1e+15 | BW2: 1e+15 | BX2: 1e+15 | BY2: 1e+15 | BZ2: 1e+15 | CA2: 1e+15 | CB2: 1e+15 | CC2: 1e+15 | CD2: 1e+15 | CE2: 1e+15 | CF2: 1e+15 | CG2: 1e+15 | CH2: 1e+15 | CI2: 1e+15 | CJ2: 1e+15 | CK2: 1e+15 | CL2: 1e+15 | CM2: 1e+15 | CN2: 1e+15 | CO2: 1e+15 | CP2: 1e+15 | CQ2: 1e+15 | CR2: 1e+15 | CS2: 1e+15 | CT2: 1e+15 | CU2: 1e+15 | CV2: 1e+15 | CW2: 1e+15 | CX2: 1e+15 | CY2: 1e+15 | CZ2: 1e+15 | DA2: 1e+15 | DB2: 1e+15 | DC2: 1e+15 | DD2: 1e+15 | DE2: 1e+15 | DF2: 1e+15 | DG2: 1e+15 | DH2: 1e+15 | DI2: 1e+15 | DJ2: 1e+15 | DK2: 1e+15 | DL2: 1e+15 | DM2: 1e+15 | DN2: 1e+15 | DO2: 1e+15 | DP2: 1e+15 | DQ2: 1e+15 | DR2: 1e+15 | DS2: 1e+15 | DT2: 1e+15 | DU2: 1e+15 | DV2: 1e+15 | DW2: 1e+15 | DX2: 1e+15 | DY2: 1e+15 | DZ2: 1e+15 | EA2: 1e+15 | EB2: 1e+15 | EC2: 1e+15 | ED2: 1e+15 | EE2: 1e+15 | EF2: 1e+15 | EG2: 1e+15 | EH2: 1e+15 | EI2: 1e+15 | EJ2: 1e+15 | EK2: 1e+15 | EL2: 1e+15 | EM2: 1e+15 | EN2: 1e+15 | EO2: 1e+15 | EP2: 1e+15 | EQ2: 1e+15 | ER2: 1e+15 | ES2: 1e+15 | ET2: 1e+15 | EU2: 1e+15 | EV2: 1e+15 | EW2: 1e+15 | EX2: 1e+15
A3: Unit cost | C3: $/person | F3: OR | G3: 23.847312 | H3: 23.847312 | I3: 23.847312 | J3: 23.847312 | K3: 23.847312 | L3: 23.847312 | M3: 23.847312 | N3: 23.847312 | O3: 23.847312 | P3: 23.847312 | Q3: 23.847312 | R3: 23.847312 | S3: 23.847312 | T3: 23.847312 | U3: 23.847312 | V3: 23.847312 | W3: 23.847312 | X3: 23.847312 | Y3: 23.847312 | Z3: 23.847312 | AA3: 23.847312 | AB3: 23.847312 | AC3: 23.847312 | AD3: 23.847312 | AE3: 23.847312 | AF3: 23.847312 | AG3: 23.847312 | AH3: 23.847312 | AI3: 23.847312 | AJ3: 23.847312 | AK3: 23.847312 | AL3: 23.847312 | AM3: 23.847312 | AN3: 23.847312 | AO3: 23.847312 | AP3: 23.847312 | AQ3: 23.847312 | AR3: 23.847312 | AS3: 23.847312 | AT3: 23.847312 | AU3: 23.847312 | AV3: 23.847312 | AW3: 23.847312 | AX3: 23.847312 | AY3: 23.847312 | AZ3: 23.847312 | BA3: 23.847312 | BB3: 23.847312 | BC3: 23.847312 | BD3: 23.847312 | BE3: 23.847312 | BF3: 23.847312 | BG3: 23.847312 | BH3: 23.847312 | BI3: 23.847312 | BJ3: 23.847312 | BK3: 23.847312 | BL3: 23.847312 | BM3: 23.847312 | BN3: 23.847312 | BO3: 23.847312 | BP3: 23.847312 | BQ3: 23.847312 | BR3: 23.847312 | BS3: 23.847312 | BT3: 23.847312 | BU3: 23.847312 | BV3: 23.847312 | BW3: 23.847312 | BX3: 23.847312 | BY3: 23.847312 | BZ3: 23.847312 | CA3: 23.847312 | CB3: 23.847312 | CC3: 23.847312 | CD3: 23.847312 | CE3: 23.847312 | CF3: 23.847312 | CG3: 23.847312 | CH3: 23.847312 | CI3: 23.847312 | CJ3: 23.847312 | CK3: 23.847312 | CL3: 23.847312 | CM3: 23.847312 | CN3: 23.847312 | CO3: 23.847312 | CP3: 23.847312 | CQ3: 23.847312 | CR3: 23.847312 | CS3: 23.847312 | CT3: 23.847312 | CU3: 23.847312 | CV3: 23.847312 | CW3: 23.847312 | CX3: 23.847312 | CY3: 23.847312 | CZ3: 23.847312 | DA3: 23.847312 | DB3: 23.847312 | DC3: 23.847312 | DD3: 23.847312 | DE3: 23.847312 | DF3: 23.847312 | DG3: 23.847312 | DH3: 23.847312 | DI3: 23.847312 | DJ3: 23.847312 | DK3: 23.847312 | DL3: 23.847312 | DM3: 23.847312 | DN3: 23.847312 | DO3: 23.847312 | DP3: 23.847312 | DQ3: 23.847312 | DR3: 23.847312 | DS3: 23.847312 | DT3: 23.847312 | DU3: 23.847312 | DV3: 23.847312 | DW3: 23.847312 | DX3: 23.847312 | DY3: 23.847312 | DZ3: 23.847312 | EA3: 23.847312 | EB3: 23.847312 | EC3: 23.847312 | ED3: 23.847312 | EE3: 23.847312 | EF3: 23.847312 | EG3: 23.847312 | EH3: 23.847312 | EI3: 23.847312 | EJ3: 23.847312 | EK3: 23.847312 | EL3: 23.847312 | EM3: 23.847312 | EN3: 23.847312 | EO3: 23.847312 | EP3: 23.847312 | EQ3: 23.847312 | ER3: 23.847312 | ES3: 23.847312 | ET3: 23.847312 | EU3: 23.847312 | EV3: 23.847312 | EW3: 23.847312 | EX3: 23.847312
A4: Capacity constraint | C4: people/year | F4: OR
A5: Saturation | C5: N.A. | F5: OR
A6: Coverage | C6: people/year | E6: 100000 | F6: OR
A8: ='Program targeting'!$B$4 -> soc_rutf_community_6-18_wasting_hm | B8: Provenance | C8: Units | D8: Uncertainty | E8: Assumption | G8: 2015 | H8: 2015.25 | I8: 2015.5 | J8: 2015.75 | K8: 2016 | L8: 2016.25 | M8: 2016.5 | N8: 2016.75 | O8: 2017 | P8: 2017.25 | Q8: 2017.5 | R8: 2017.75 | S8: 2018 | T8: 2018.25 | U8: 2018.5 | V8: 2018.75 | W8: 2019 | X8: 2019.25 | Y8: 2019.5 | Z8: 2019.75 | AA8: 2020 | AB8: 2020.25 | AC8: 2020.5 | AD8: 2020.75 | AE8: 2021 | AF8: 2021.25 | AG8: 2021.5 | AH8: 2021.75 | AI8: 2022 | AJ8: 2022.25 | AK8: 2022.5 | AL8: 2022.75 | AM8: 2023 | AN8: 2023.25 | AO8: 2023.5 | AP8: 2023.75 | AQ8: 2024 | AR8: 2024.25 | AS8: 2024.5 | AT8: 2024.75 | AU8: 2025 | AV8: 2025.25 | AW8: 2025.5 | AX8: 2025.75 | AY8: 2026 | AZ8: 2026.25 | BA8: 2026.5 | BB8: 2026.75 | BC8: 2027 | BD8: 2027.25 | BE8: 2027.5 | BF8: 2027.75 | BG8: 2028 | BH8: 2028.25 | BI8: 2028.5 | BJ8: 2028.75 | BK8: 2029 | BL8: 2029.25 | BM8: 2029.5 | BN8: 2029.75 | BO8: 2030 | BP8: 2030.25 | BQ8: 2030.5 | BR8: 2030.75 | BS8: 2031 | BT8: 2031.25 | BU8: 2031.5 | BV8: 2031.75 | BW8: 2032 | BX8: 2032.25 | BY8: 2032.5 | BZ8: 2032.75 | CA8: 2033 | CB8: 2033.25 | CC8: 2033.5 | CD8: 2033.75 | CE8: 2034 | CF8: 2034.25 | CG8: 2034.5 | CH8: 2034.75 | CI8: 2035 | CJ8: 2035.25 | CK8: 2035.5 | CL8: 2035.75 | CM8: 2036 | CN8: 2036.25 | CO8: 2036.5 | CP8: 2036.75 | CQ8: 2037 | CR8: 2037.25 | CS8: 2037.5 | CT8: 2037.75 | CU8: 2038 | CV8: 2038.25 | CW8: 2038.5 | CX8: 2038.75 | CY8: 2039 | CZ8: 2039.25 | DA8: 2039.5 | DB8: 2039.75 | DC8: 2040 | DD8: 2040.25 | DE8: 2040.5 | DF8: 2040.75 | DG8: 2041 | DH8: 2041.25 | DI8: 2041.5 | DJ8: 2041.75 | DK8: 2042 | DL8: 2042.25 | DM8: 2042.5 | DN8: 2042.75 | DO8: 2043 | DP8: 2043.25 | DQ8: 2043.5 | DR8: 2043.75 | DS8: 2044 | DT8: 2044.25 | DU8: 2044.5 | DV8: 2044.75 | DW8: 2045 | DX8: 2045.25 | DY8: 2045.5 | DZ8: 2045.75 | EA8: 2046 | EB8: 2046.25 | EC8: 2046.5 | ED8: 2046.75 | EE8: 2047 | EF8: 2047.25 | EG8: 2047.5 | EH8: 2047.75 | EI8: 2048 | EJ8: 2048.25 | EK8: 2048.5 | EL8: 2048.75 | EM8: 2049 | EN8: 2049.25 | EO8: 2049.5 | EP8: 2049.75 | EQ8: 2050 | ER8: 2050.25 | ES8: 2050.5 | ET8: 2050.75 | EU8: 2051 | EV8: 2051.25 | EW8: 2051.5 | EX8: 2051.75
A9: Annual spend | C9: $/year | F9: OR | G9: 1e+15 | H9: 1e+15 | I9: 1e+15 | J9: 1e+15 | K9: 1e+15 | L9: 1e+15 | M9: 1e+15 | N9: 1e+15 | O9: 1e+15 | P9: 1e+15 | Q9: 1e+15 | R9: 1e+15 | S9: 1e+15 | T9: 1e+15 | U9: 1e+15 | V9: 1e+15 | W9: 1e+15 | X9: 1e+15 | Y9: 1e+15 | Z9: 1e+15 | AA9: 1e+15 | AB9: 1e+15 | AC9: 1e+15 | AD9: 1e+15 | AE9: 1e+15 | AF9: 1e+15 | AG9: 1e+15 | AH9: 1e+15 | AI9: 1e+15 | AJ9: 1e+15 | AK9: 1e+15 | AL9: 1e+15 | AM9: 1e+15 | AN9: 1e+15 | AO9: 1e+15 | AP9: 1e+15 | AQ9: 1e+15 | AR9: 1e+15 | AS9: 1e+15 | AT9: 1e+15 | AU9: 1e+15 | AV9: 1e+15 | AW9: 1e+15 | AX9: 1e+15 | AY9: 1e+15 | AZ9: 1e+15 | BA9: 1e+15 | BB9: 1e+15 | BC9: 1e+15 | BD9: 1e+15 | BE9: 1e+15 | BF9: 1e+15 | BG9: 1e+15 | BH9: 1e+15 | BI9: 1e+15 | BJ9: 1e+15 | BK9: 1e+15 | BL9: 1e+15 | BM9: 1e+15 | BN9: 1e+15 | BO9: 1e+15 | BP9: 1e+15 | BQ9: 1e+15 | BR9: 1e+15 | BS9: 1e+15 | BT9: 1e+15 | BU9: 1e+15 | BV9: 1e+15 | BW9: 1e+15 | BX9: 1e+15 | BY9: 1e+15 | BZ9: 1e+15 | CA9: 1e+15 | CB9: 1e+15 | CC9: 1e+15 | CD9: 1e+15 | CE9: 1e+15 | CF9: 1e+15 | CG9: 1e+15 | CH9: 1e+15 | CI9: 1e+15 | CJ9: 1e+15 | CK9: 1e+15 | CL9: 1e+15 | CM9: 1e+15 | CN9: 1e+15 | CO9: 1e+15 | CP9: 1e+15 | CQ9: 1e+15 | CR9: 1e+15 | CS9: 1e+15 | CT9: 1e+15 | CU9: 1e+15 | CV9: 1e+15 | CW9: 1e+15 | CX9: 1e+15 | CY9: 1e+15 | CZ9: 1e+15 | DA9: 1e+15 | DB9: 1e+15 | DC9: 1e+15 | DD9: 1e+15 | DE9: 1e+15 | DF9: 1e+15 | DG9: 1e+15 | DH9: 1e+15 | DI9: 1e+15 | DJ9: 1e+15 | DK9: 1e+15 | DL9: 1e+15 | DM9: 1e+15 | DN9: 1e+15 | DO9: 1e+15 | DP9: 1e+15 | DQ9: 1e+15 | DR9: 1e+15 | DS9: 1e+15 | DT9: 1e+15 | DU9: 1e+15 | DV9: 1e+15 | DW9: 1e+15 | DX9: 1e+15 | DY9: 1e+15 | DZ9: 1e+15 | EA9: 1e+15 | EB9: 1e+15 | EC9: 1e+15 | ED9: 1e+15 | EE9: 1e+15 | EF9: 1e+15 | EG9: 1e+15 | EH9: 1e+15 | EI9: 1e+15 | EJ9: 1e+15 | EK9: 1e+15 | EL9: 1e+15 | EM9: 1e+15 | EN9: 1e+15 | EO9: 1e+15 | EP9: 1e+15 | EQ9: 1e+15 | ER9: 1e+15 | ES9: 1e+15 | ET9: 1e+15 | EU9: 1e+15 | EV9: 1e+15 | EW9: 1e+15 | EX9: 1e+15
A10: Unit cost | C10: $/person | F10: OR | G10: 23.847312 | H10: 23.847312 | I10: 23.847312 | J10: 23.847312 | K10: 23.847312 | L10: 23.847312 | M10: 23.847312 | N10: 23.847312 | O10: 23.847312 | P10: 23.847312 | Q10: 23.847312 | R10: 23.847312 | S10: 23.847312 | T10: 23.847312 | U10: 23.847312 | V10: 23.847312 | W10: 23.847312 | X10: 23.847312 | Y10: 23.847312 | Z10: 23.847312 | AA10: 23.847312 | AB10: 23.847312 | AC10: 23.847312 | AD10: 23.847312 | AE10: 23.847312 | AF10: 23.847312 | AG10: 23.847312 | AH10: 23.847312 | AI10: 23.847312 | AJ10: 23.847312 | AK10: 23.847312 | AL10: 23.847312 | AM10: 23.847312 | AN10: 23.847312 | AO10: 23.847312 | AP10: 23.847312 | AQ10: 23.847312 | AR10: 23.847312 | AS10: 23.847312 | AT10: 23.847312 | AU10: 23.847312 | AV10: 23.847312 | AW10: 23.847312 | AX10: 23.847312 | AY10: 23.847312 | AZ10: 23.847312 | BA10: 23.847312 | BB10: 23.847312 | BC10: 23.847312 | BD10: 23.847312 | BE10: 23.847312 | BF10: 23.847312 | BG10: 23.847312 | BH10: 23.847312 | BI10: 23.847312 | BJ10: 23.847312 | BK10: 23.847312 | BL10: 23.847312 | BM10: 23.847312 | BN10: 23.847312 | BO10: 23.847312 | BP10: 23.847312 | BQ10: 23.847312 | BR10: 23.847312 | BS10: 23.847312 | BT10: 23.847312 | BU10: 23.847312 | BV10: 23.847312 | BW10: 23.847312 | BX10: 23.847312 | BY10: 23.847312 | BZ10: 23.847312 | CA10: 23.847312 | CB10: 23.847312 | CC10: 23.847312 | CD10: 23.847312 | CE10: 23.847312 | CF10: 23.847312 | CG10: 23.847312 | CH10: 23.847312 | CI10: 23.847312 | CJ10: 23.847312 | CK10: 23.847312 | CL10: 23.847312 | CM10: 23.847312 | CN10: 23.847312 | CO10: 23.847312 | CP10: 23.847312 | CQ10: 23.847312 | CR10: 23.847312 | CS10: 23.847312 | CT10: 23.847312 | CU10: 23.847312 | CV10: 23.847312 | CW10: 23.847312 | CX10: 23.847312 | CY10: 23.847312 | CZ10: 23.847312 | DA10: 23.847312 | DB10: 23.847312 | DC10: 23.847312 | DD10: 23.847312 | DE10: 23.847312 | DF10: 23.847312 | DG10: 23.847312 | DH10: 23.847312 | DI10: 23.847312 | DJ10: 23.847312 | DK10: 23.847312 | DL10: 23.847312 | DM10: 23.847312 | DN10: 23.847312 | DO10: 23.847312 | DP10: 23.847312 | DQ10: 23.847312 | DR10: 23.847312 | DS10: 23.847312 | DT10: 23.847312 | DU10: 23.847312 | DV10: 23.847312 | DW10: 23.847312 | DX10: 23.847312 | DY10: 23.847312 | DZ10: 23.847312 | EA10: 23.847312 | EB10: 23.847312 | EC10: 23.847312 | ED10: 23.847312 | EE10: 23.847312 | EF10: 23.847312 | EG10: 23.847312 | EH10: 23.847312 | EI10: 23.847312 | EJ10: 23.847312 | EK10: 23.847312 | EL10: 23.847312 | EM10: 23.847312 | EN10: 23.847312 | EO10: 23.847312 | EP10: 23.847312 | EQ10: 23.847312 | ER10: 23.847312 | ES10: 23.847312 | ET10: 23.847312 | EU10: 23.847312 | EV10: 23.847312 | EW10: 23.847312 | EX10: 23.847312
A11: Capacity constraint | C11: people/year | F11: OR
A12: Saturation | C12: N.A. | F12: OR
A13: Coverage | C13: people/year | E13: 100000 | F13: OR
A15: ='Program targeting'!$B$5 -> soc_rutf_hospitalized_19-59_wasting_hm | B15: Provenance | C15: Units | D15: Uncertainty | E15: Assumption | G15: 2015 | H15: 2015.25 | I15: 2015.5 | J15: 2015.75 | K15: 2016 | L15: 2016.25 | M15: 2016.5 | N15: 2016.75 | O15: 2017 | P15: 2017.25 | Q15: 2017.5 | R15: 2017.75 | S15: 2018 | T15: 2018.25 | U15: 2018.5 | V15: 2018.75 | W15: 2019 | X15: 2019.25 | Y15: 2019.5 | Z15: 2019.75 | AA15: 2020 | AB15: 2020.25 | AC15: 2020.5 | AD15: 2020.75 | AE15: 2021 | AF15: 2021.25 | AG15: 2021.5 | AH15: 2021.75 | AI15: 2022 | AJ15: 2022.25 | AK15: 2022.5 | AL15: 2022.75 | AM15: 2023 | AN15: 2023.25 | AO15: 2023.5 | AP15: 2023.75 | AQ15: 2024 | AR15: 2024.25 | AS15: 2024.5 | AT15: 2024.75 | AU15: 2025 | AV15: 2025.25 | AW15: 2025.5 | AX15: 2025.75 | AY15: 2026 | AZ15: 2026.25 | BA15: 2026.5 | BB15: 2026.75 | BC15: 2027 | BD15: 2027.25 | BE15: 2027.5 | BF15: 2027.75 | BG15: 2028 | BH15: 2028.25 | BI15: 2028.5 | BJ15: 2028.75 | BK15: 2029 | BL15: 2029.25 | BM15: 2029.5 | BN15: 2029.75 | BO15: 2030 | BP15: 2030.25 | BQ15: 2030.5 | BR15: 2030.75 | BS15: 2031 | BT15: 2031.25 | BU15: 2031.5 | BV15: 2031.75 | BW15: 2032 | BX15: 2032.25 | BY15: 2032.5 | BZ15: 2032.75 | CA15: 2033 | CB15: 2033.25 | CC15: 2033.5 | CD15: 2033.75 | CE15: 2034 | CF15: 2034.25 | CG15: 2034.5 | CH15: 2034.75 | CI15: 2035 | CJ15: 2035.25 | CK15: 2035.5 | CL15: 2035.75 | CM15: 2036 | CN15: 2036.25 | CO15: 2036.5 | CP15: 2036.75 | CQ15: 2037 | CR15: 2037.25 | CS15: 2037.5 | CT15: 2037.75 | CU15: 2038 | CV15: 2038.25 | CW15: 2038.5 | CX15: 2038.75 | CY15: 2039 | CZ15: 2039.25 | DA15: 2039.5 | DB15: 2039.75 | DC15: 2040 | DD15: 2040.25 | DE15: 2040.5 | DF15: 2040.75 | DG15: 2041 | DH15: 2041.25 | DI15: 2041.5 | DJ15: 2041.75 | DK15: 2042 | DL15: 2042.25 | DM15: 2042.5 | DN15: 2042.75 | DO15: 2043 | DP15: 2043.25 | DQ15: 2043.5 | DR15: 2043.75 | DS15: 2044 | DT15: 2044.25 | DU15: 2044.5 | DV15: 2044.75 | DW15: 2045 | DX15: 2045.25 | DY15: 2045.5 | DZ15: 2045.75 | EA15: 2046 | EB15: 2046.25 | EC15: 2046.5 | ED15: 2046.75 | EE15: 2047 | EF15: 2047.25 | EG15: 2047.5 | EH15: 2047.75 | EI15: 2048 | EJ15: 2048.25 | EK15: 2048.5 | EL15: 2048.75 | EM15: 2049 | EN15: 2049.25 | EO15: 2049.5 | EP15: 2049.75 | EQ15: 2050 | ER15: 2050.25 | ES15: 2050.5 | ET15: 2050.75 | EU15: 2051 | EV15: 2051.25 | EW15: 2051.5 | EX15: 2051.75
A16: Annual spend | C16: $/year | F16: OR | G16: 1e+15 | H16: 1e+15 | I16: 1e+15 | J16: 1e+15 | K16: 1e+15 | L16: 1e+15 | M16: 1e+15 | N16: 1e+15 | O16: 1e+15 | P16: 1e+15 | Q16: 1e+15 | R16: 1e+15 | S16: 1e+15 | T16: 1e+15 | U16: 1e+15 | V16: 1e+15 | W16: 1e+15 | X16: 1e+15 | Y16: 1e+15 | Z16: 1e+15 | AA16: 1e+15 | AB16: 1e+15 | AC16: 1e+15 | AD16: 1e+15 | AE16: 1e+15 | AF16: 1e+15 | AG16: 1e+15 | AH16: 1e+15 | AI16: 1e+15 | AJ16: 1e+15 | AK16: 1e+15 | AL16: 1e+15 | AM16: 1e+15 | AN16: 1e+15 | AO16: 1e+15 | AP16: 1e+15 | AQ16: 1e+15 | AR16: 1e+15 | AS16: 1e+15 | AT16: 1e+15 | AU16: 1e+15 | AV16: 1e+15 | AW16: 1e+15 | AX16: 1e+15 | AY16: 1e+15 | AZ16: 1e+15 | BA16: 1e+15 | BB16: 1e+15 | BC16: 1e+15 | BD16: 1e+15 | BE16: 1e+15 | BF16: 1e+15 | BG16: 1e+15 | BH16: 1e+15 | BI16: 1e+15 | BJ16: 1e+15 | BK16: 1e+15 | BL16: 1e+15 | BM16: 1e+15 | BN16: 1e+15 | BO16: 1e+15 | BP16: 1e+15 | BQ16: 1e+15 | BR16: 1e+15 | BS16: 1e+15 | BT16: 1e+15 | BU16: 1e+15 | BV16: 1e+15 | BW16: 1e+15 | BX16: 1e+15 | BY16: 1e+15 | BZ16: 1e+15 | CA16: 1e+15 | CB16: 1e+15 | CC16: 1e+15 | CD16: 1e+15 | CE16: 1e+15 | CF16: 1e+15 | CG16: 1e+15 | CH16: 1e+15 | CI16: 1e+15 | CJ16: 1e+15 | CK16: 1e+15 | CL16: 1e+15 | CM16: 1e+15 | CN16: 1e+15 | CO16: 1e+15 | CP16: 1e+15 | CQ16: 1e+15 | CR16: 1e+15 | CS16: 1e+15 | CT16: 1e+15 | CU16: 1e+15 | CV16: 1e+15 | CW16: 1e+15 | CX16: 1e+15 | CY16: 1e+15 | CZ16: 1e+15 | DA16: 1e+15 | DB16: 1e+15 | DC16: 1e+15 | DD16: 1e+15 | DE16: 1e+15 | DF16: 1e+15 | DG16: 1e+15 | DH16: 1e+15 | DI16: 1e+15 | DJ16: 1e+15 | DK16: 1e+15 | DL16: 1e+15 | DM16: 1e+15 | DN16: 1e+15 | DO16: 1e+15 | DP16: 1e+15 | DQ16: 1e+15 | DR16: 1e+15 | DS16: 1e+15 | DT16: 1e+15 | DU16: 1e+15 | DV16: 1e+15 | DW16: 1e+15 | DX16: 1e+15 | DY16: 1e+15 | DZ16: 1e+15 | EA16: 1e+15 | EB16: 1e+15 | EC16: 1e+15 | ED16: 1e+15 | EE16: 1e+15 | EF16: 1e+15 | EG16: 1e+15 | EH16: 1e+15 | EI16: 1e+15 | EJ16: 1e+15 | EK16: 1e+15 | EL16: 1e+15 | EM16: 1e+15 | EN16: 1e+15 | EO16: 1e+15 | EP16: 1e+15 | EQ16: 1e+15 | ER16: 1e+15 | ES16: 1e+15 | ET16: 1e+15 | EU16: 1e+15 | EV16: 1e+15 | EW16: 1e+15 | EX16: 1e+15
A17: Unit cost | C17: $/person | F17: OR | G17: 23.847312 | H17: 23.847312 | I17: 23.847312 | J17: 23.847312 | K17: 23.847312 | L17: 23.847312 | M17: 23.847312 | N17: 23.847312 | O17: 23.847312 | P17: 23.847312 | Q17: 23.847312 | R17: 23.847312 | S17: 23.847312 | T17: 23.847312 | U17: 23.847312 | V17: 23.847312 | W17: 23.847312 | X17: 23.847312 | Y17: 23.847312 | Z17: 23.847312 | AA17: 23.847312 | AB17: 23.847312 | AC17: 23.847312 | AD17: 23.847312 | AE17: 23.847312 | AF17: 23.847312 | AG17: 23.847312 | AH17: 23.847312 | AI17: 23.847312 | AJ17: 23.847312 | AK17: 23.847312 | AL17: 23.847312 | AM17: 23.847312 | AN17: 23.847312 | AO17: 23.847312 | AP17: 23.847312 | AQ17: 23.847312 | AR17: 23.847312 | AS17: 23.847312 | AT17: 23.847312 | AU17: 23.847312 | AV17: 23.847312 | AW17: 23.847312 | AX17: 23.847312 | AY17: 23.847312 | AZ17: 23.847312 | BA17: 23.847312 | BB17: 23.847312 | BC17: 23.847312 | BD17: 23.847312 | BE17: 23.847312 | BF17: 23.847312 | BG17: 23.847312 | BH17: 23.847312 | BI17: 23.847312 | BJ17: 23.847312 | BK17: 23.847312 | BL17: 23.847312 | BM17: 23.847312 | BN17: 23.847312 | BO17: 23.847312 | BP17: 23.847312 | BQ17: 23.847312 | BR17: 23.847312 | BS17: 23.847312 | BT17: 23.847312 | BU17: 23.847312 | BV17: 23.847312 | BW17: 23.847312 | BX17: 23.847312 | BY17: 23.847312 | BZ17: 23.847312 | CA17: 23.847312 | CB17: 23.847312 | CC17: 23.847312 | CD17: 23.847312 | CE17: 23.847312 | CF17: 23.847312 | CG17: 23.847312 | CH17: 23.847312 | CI17: 23.847312 | CJ17: 23.847312 | CK17: 23.847312 | CL17: 23.847312 | CM17: 23.847312 | CN17: 23.847312 | CO17: 23.847312 | CP17: 23.847312 | CQ17: 23.847312 | CR17: 23.847312 | CS17: 23.847312 | CT17: 23.847312 | CU17: 23.847312 | CV17: 23.847312 | CW17: 23.847312 | CX17: 23.847312 | CY17: 23.847312 | CZ17: 23.847312 | DA17: 23.847312 | DB17: 23.847312 | DC17: 23.847312 | DD17: 23.847312 | DE17: 23.847312 | DF17: 23.847312 | DG17: 23.847312 | DH17: 23.847312 | DI17: 23.847312 | DJ17: 23.847312 | DK17: 23.847312 | DL17: 23.847312 | DM17: 23.847312 | DN17: 23.847312 | DO17: 23.847312 | DP17: 23.847312 | DQ17: 23.847312 | DR17: 23.847312 | DS17: 23.847312 | DT17: 23.847312 | DU17: 23.847312 | DV17: 23.847312 | DW17: 23.847312 | DX17: 23.847312 | DY17: 23.847312 | DZ17: 23.847312 | EA17: 23.847312 | EB17: 23.847312 | EC17: 23.847312 | ED17: 23.847312 | EE17: 23.847312 | EF17: 23.847312 | EG17: 23.847312 | EH17: 23.847312 | EI17: 23.847312 | EJ17: 23.847312 | EK17: 23.847312 | EL17: 23.847312 | EM17: 23.847312 | EN17: 23.847312 | EO17: 23.847312 | EP17: 23.847312 | EQ17: 23.847312 | ER17: 23.847312 | ES17: 23.847312 | ET17: 23.847312 | EU17: 23.847312 | EV17: 23.847312 | EW17: 23.847312 | EX17: 23.847312
A18: Capacity constraint | C18: people/year | F18: OR
A19: Saturation | C19: N.A. | F19: OR
A20: Coverage | C20: people/year | E20: 100000 | F20: OR
A22: ='Program targeting'!$B$6 -> soc_rutf_hospitalized_6-18_wasting_hm | B22: Provenance | C22: Units | D22: Uncertainty | E22: Assumption | G22: 2015 | H22: 2015.25 | I22: 2015.5 | J22: 2015.75 | K22: 2016 | L22: 2016.25 | M22: 2016.5 | N22: 2016.75 | O22: 2017 | P22: 2017.25 | Q22: 2017.5 | R22: 2017.75 | S22: 2018 | T22: 2018.25 | U22: 2018.5 | V22: 2018.75 | W22: 2019 | X22: 2019.25 | Y22: 2019.5 | Z22: 2019.75 | AA22: 2020 | AB22: 2020.25 | AC22: 2020.5 | AD22: 2020.75 | AE22: 2021 | AF22: 2021.25 | AG22: 2021.5 | AH22: 2021.75 | AI22: 2022 | AJ22: 2022.25 | AK22: 2022.5 | AL22: 2022.75 | AM22: 2023 | AN22: 2023.25 | AO22: 2023.5 | AP22: 2023.75 | AQ22: 2024 | AR22: 2024.25 | AS22: 2024.5 | AT22: 2024.75 | AU22: 2025 | AV22: 2025.25 | AW22: 2025.5 | AX22: 2025.75 | AY22: 2026 | AZ22: 2026.25 | BA22: 2026.5 | BB22: 2026.75 | BC22: 2027 | BD22: 2027.25 | BE22: 2027.5 | BF22: 2027.75 | BG22: 2028 | BH22: 2028.25 | BI22: 2028.5 | BJ22: 2028.75 | BK22: 2029 | BL22: 2029.25 | BM22: 2029.5 | BN22: 2029.75 | BO22: 2030 | BP22: 2030.25 | BQ22: 2030.5 | BR22: 2030.75 | BS22: 2031 | BT22: 2031.25 | BU22: 2031.5 | BV22: 2031.75 | BW22: 2032 | BX22: 2032.25 | BY22: 2032.5 | BZ22: 2032.75 | CA22: 2033 | CB22: 2033.25 | CC22: 2033.5 | CD22: 2033.75 | CE22: 2034 | CF22: 2034.25 | CG22: 2034.5 | CH22: 2034.75 | CI22: 2035 | CJ22: 2035.25 | CK22: 2035.5 | CL22: 2035.75 | CM22: 2036 | CN22: 2036.25 | CO22: 2036.5 | CP22: 2036.75 | CQ22: 2037 | CR22: 2037.25 | CS22: 2037.5 | CT22: 2037.75 | CU22: 2038 | CV22: 2038.25 | CW22: 2038.5 | CX22: 2038.75 | CY22: 2039 | CZ22: 2039.25 | DA22: 2039.5 | DB22: 2039.75 | DC22: 2040 | DD22: 2040.25 | DE22: 2040.5 | DF22: 2040.75 | DG22: 2041 | DH22: 2041.25 | DI22: 2041.5 | DJ22: 2041.75 | DK22: 2042 | DL22: 2042.25 | DM22: 2042.5 | DN22: 2042.75 | DO22: 2043 | DP22: 2043.25 | DQ22: 2043.5 | DR22: 2043.75 | DS22: 2044 | DT22: 2044.25 | DU22: 2044.5 | DV22: 2044.75 | DW22: 2045 | DX22: 2045.25 | DY22: 2045.5 | DZ22: 2045.75 | EA22: 2046 | EB22: 2046.25 | EC22: 2046.5 | ED22: 2046.75 | EE22: 2047 | EF22: 2047.25 | EG22: 2047.5 | EH22: 2047.75 | EI22: 2048 | EJ22: 2048.25 | EK22: 2048.5 | EL22: 2048.75 | EM22: 2049 | EN22: 2049.25 | EO22: 2049.5 | EP22: 2049.75 | EQ22: 2050 | ER22: 2050.25 | ES22: 2050.5 | ET22: 2050.75 | EU22: 2051 | EV22: 2051.25 | EW22: 2051.5 | EX22: 2051.75
A23: Annual spend | C23: $/year | F23: OR | G23: 1e+15 | H23: 1e+15 | I23: 1e+15 | J23: 1e+15 | K23: 1e+15 | L23: 1e+15 | M23: 1e+15 | N23: 1e+15 | O23: 1e+15 | P23: 1e+15 | Q23: 1e+15 | R23: 1e+15 | S23: 1e+15 | T23: 1e+15 | U23: 1e+15 | V23: 1e+15 | W23: 1e+15 | X23: 1e+15 | Y23: 1e+15 | Z23: 1e+15 | AA23: 1e+15 | AB23: 1e+15 | AC23: 1e+15 | AD23: 1e+15 | AE23: 1e+15 | AF23: 1e+15 | AG23: 1e+15 | AH23: 1e+15 | AI23: 1e+15 | AJ23: 1e+15 | AK23: 1e+15 | AL23: 1e+15 | AM23: 1e+15 | AN23: 1e+15 | AO23: 1e+15 | AP23: 1e+15 | AQ23: 1e+15 | AR23: 1e+15 | AS23: 1e+15 | AT23: 1e+15 | AU23: 1e+15 | AV23: 1e+15 | AW23: 1e+15 | AX23: 1e+15 | AY23: 1e+15 | AZ23: 1e+15 | BA23: 1e+15 | BB23: 1e+15 | BC23: 1e+15 | BD23: 1e+15 | BE23: 1e+15 | BF23: 1e+15 | BG23: 1e+15 | BH23: 1e+15 | BI23: 1e+15 | BJ23: 1e+15 | BK23: 1e+15 | BL23: 1e+15 | BM23: 1e+15 | BN23: 1e+15 | BO23: 1e+15 | BP23: 1e+15 | BQ23: 1e+15 | BR23: 1e+15 | BS23: 1e+15 | BT23: 1e+15 | BU23: 1e+15 | BV23: 1e+15 | BW23: 1e+15 | BX23: 1e+15 | BY23: 1e+15 | BZ23: 1e+15 | CA23: 1e+15 | CB23: 1e+15 | CC23: 1e+15 | CD23: 1e+15 | CE23: 1e+15 | CF23: 1e+15 | CG23: 1e+15 | CH23: 1e+15 | CI23: 1e+15 | CJ23: 1e+15 | CK23: 1e+15 | CL23: 1e+15 | CM23: 1e+15 | CN23: 1e+15 | CO23: 1e+15 | CP23: 1e+15 | CQ23: 1e+15 | CR23: 1e+15 | CS23: 1e+15 | CT23: 1e+15 | CU23: 1e+15 | CV23: 1e+15 | CW23: 1e+15 | CX23: 1e+15 | CY23: 1e+15 | CZ23: 1e+15 | DA23: 1e+15 | DB23: 1e+15 | DC23: 1e+15 | DD23: 1e+15 | DE23: 1e+15 | DF23: 1e+15 | DG23: 1e+15 | DH23: 1e+15 | DI23: 1e+15 | DJ23: 1e+15 | DK23: 1e+15 | DL23: 1e+15 | DM23: 1e+15 | DN23: 1e+15 | DO23: 1e+15 | DP23: 1e+15 | DQ23: 1e+15 | DR23: 1e+15 | DS23: 1e+15 | DT23: 1e+15 | DU23: 1e+15 | DV23: 1e+15 | DW23: 1e+15 | DX23: 1e+15 | DY23: 1e+15 | DZ23: 1e+15 | EA23: 1e+15 | EB23: 1e+15 | EC23: 1e+15 | ED23: 1e+15 | EE23: 1e+15 | EF23: 1e+15 | EG23: 1e+15 | EH23: 1e+15 | EI23: 1e+15 | EJ23: 1e+15 | EK23: 1e+15 | EL23: 1e+15 | EM23: 1e+15 | EN23: 1e+15 | EO23: 1e+15 | EP23: 1e+15 | EQ23: 1e+15 | ER23: 1e+15 | ES23: 1e+15 | ET23: 1e+15 | EU23: 1e+15 | EV23: 1e+15 | EW23: 1e+15 | EX23: 1e+15
A24: Unit cost | C24: $/person | F24: OR | G24: 23.847312 | H24: 23.847312 | I24: 23.847312 | J24: 23.847312 | K24: 23.847312 | L24: 23.847312 | M24: 23.847312 | N24: 23.847312 | O24: 23.847312 | P24: 23.847312 | Q24: 23.847312 | R24: 23.847312 | S24: 23.847312 | T24: 23.847312 | U24: 23.847312 | V24: 23.847312 | W24: 23.847312 | X24: 23.847312 | Y24: 23.847312 | Z24: 23.847312 | AA24: 23.847312 | AB24: 23.847312 | AC24: 23.847312 | AD24: 23.847312 | AE24: 23.847312 | AF24: 23.847312 | AG24: 23.847312 | AH24: 23.847312 | AI24: 23.847312 | AJ24: 23.847312 | AK24: 23.847312 | AL24: 23.847312 | AM24: 23.847312 | AN24: 23.847312 | AO24: 23.847312 | AP24: 23.847312 | AQ24: 23.847312 | AR24: 23.847312 | AS24: 23.847312 | AT24: 23.847312 | AU24: 23.847312 | AV24: 23.847312 | AW24: 23.847312 | AX24: 23.847312 | AY24: 23.847312 | AZ24: 23.847312 | BA24: 23.847312 | BB24: 23.847312 | BC24: 23.847312 | BD24: 23.847312 | BE24: 23.847312 | BF24: 23.847312 | BG24: 23.847312 | BH24: 23.847312 | BI24: 23.847312 | BJ24: 23.847312 | BK24: 23.847312 | BL24: 23.847312 | BM24: 23.847312 | BN24: 23.847312 | BO24: 23.847312 | BP24: 23.847312 | BQ24: 23.847312 | BR24: 23.847312 | BS24: 23.847312 | BT24: 23.847312 | BU24: 23.847312 | BV24: 23.847312 | BW24: 23.847312 | BX24: 23.847312 | BY24: 23.847312 | BZ24: 23.847312 | CA24: 23.847312 | CB24: 23.847312 | CC24: 23.847312 | CD24: 23.847312 | CE24: 23.847312 | CF24: 23.847312 | CG24: 23.847312 | CH24: 23.847312 | CI24: 23.847312 | CJ24: 23.847312 | CK24: 23.847312 | CL24: 23.847312 | CM24: 23.847312 | CN24: 23.847312 | CO24: 23.847312 | CP24: 23.847312 | CQ24: 23.847312 | CR24: 23.847312 | CS24: 23.847312 | CT24: 23.847312 | CU24: 23.847312 | CV24: 23.847312 | CW24: 23.847312 | CX24: 23.847312 | CY24: 23.847312 | CZ24: 23.847312 | DA24: 23.847312 | DB24: 23.847312 | DC24: 23.847312 | DD24: 23.847312 | DE24: 23.847312 | DF24: 23.847312 | DG24: 23.847312 | DH24: 23.847312 | DI24: 23.847312 | DJ24: 23.847312 | DK24: 23.847312 | DL24: 23.847312 | DM24: 23.847312 | DN24: 23.847312 | DO24: 23.847312 | DP24: 23.847312 | DQ24: 23.847312 | DR24: 23.847312 | DS24: 23.847312 | DT24: 23.847312 | DU24: 23.847312 | DV24: 23.847312 | DW24: 23.847312 | DX24: 23.847312 | DY24: 23.847312 | DZ24: 23.847312 | EA24: 23.847312 | EB24: 23.847312 | EC24: 23.847312 | ED24: 23.847312 | EE24: 23.847312 | EF24: 23.847312 | EG24: 23.847312 | EH24: 23.847312 | EI24: 23.847312 | EJ24: 23.847312 | EK24: 23.847312 | EL24: 23.847312 | EM24: 23.847312 | EN24: 23.847312 | EO24: 23.847312 | EP24: 23.847312 | EQ24: 23.847312 | ER24: 23.847312 | ES24: 23.847312 | ET24: 23.847312 | EU24: 23.847312 | EV24: 23.847312 | EW24: 23.847312 | EX24: 23.847312
A25: Capacity constraint | C25: people/year | F25: OR
A26: Saturation | C26: N.A. | F26: OR
A27: Coverage | C27: people/year | E27: 100000 | F27: OR
A29: ='Program targeting'!$B$7 -> soc_iron_tablets_mild_first_trimester_an_hm | B29: Provenance | C29: Units | D29: Uncertainty | E29: Assumption | G29: 2015 | H29: 2015.25 | I29: 2015.5 | J29: 2015.75 | K29: 2016 | L29: 2016.25 | M29: 2016.5 | N29: 2016.75 | O29: 2017 | P29: 2017.25 | Q29: 2017.5 | R29: 2017.75 | S29: 2018 | T29: 2018.25 | U29: 2018.5 | V29: 2018.75 | W29: 2019 | X29: 2019.25 | Y29: 2019.5 | Z29: 2019.75 | AA29: 2020 | AB29: 2020.25 | AC29: 2020.5 | AD29: 2020.75 | AE29: 2021 | AF29: 2021.25 | AG29: 2021.5 | AH29: 2021.75 | AI29: 2022 | AJ29: 2022.25 | AK29: 2022.5 | AL29: 2022.75 | AM29: 2023 | AN29: 2023.25 | AO29: 2023.5 | AP29: 2023.75 | AQ29: 2024 | AR29: 2024.25 | AS29: 2024.5 | AT29: 2024.75 | AU29: 2025 | AV29: 2025.25 | AW29: 2025.5 | AX29: 2025.75 | AY29: 2026 | AZ29: 2026.25 | BA29: 2026.5 | BB29: 2026.75 | BC29: 2027 | BD29: 2027.25 | BE29: 2027.5 | BF29: 2027.75 | BG29: 2028 | BH29: 2028.25 | BI29: 2028.5 | BJ29: 2028.75 | BK29: 2029 | BL29: 2029.25 | BM29: 2029.5 | BN29: 2029.75 | BO29: 2030 | BP29: 2030.25 | BQ29: 2030.5 | BR29: 2030.75 | BS29: 2031 | BT29: 2031.25 | BU29: 2031.5 | BV29: 2031.75 | BW29: 2032 | BX29: 2032.25 | BY29: 2032.5 | BZ29: 2032.75 | CA29: 2033 | CB29: 2033.25 | CC29: 2033.5 | CD29: 2033.75 | CE29: 2034 | CF29: 2034.25 | CG29: 2034.5 | CH29: 2034.75 | CI29: 2035 | CJ29: 2035.25 | CK29: 2035.5 | CL29: 2035.75 | CM29: 2036 | CN29: 2036.25 | CO29: 2036.5 | CP29: 2036.75 | CQ29: 2037 | CR29: 2037.25 | CS29: 2037.5 | CT29: 2037.75 | CU29: 2038 | CV29: 2038.25 | CW29: 2038.5 | CX29: 2038.75 | CY29: 2039 | CZ29: 2039.25 | DA29: 2039.5 | DB29: 2039.75 | DC29: 2040 | DD29: 2040.25 | DE29: 2040.5 | DF29: 2040.75 | DG29: 2041 | DH29: 2041.25 | DI29: 2041.5 | DJ29: 2041.75 | DK29: 2042 | DL29: 2042.25 | DM29: 2042.5 | DN29: 2042.75 | DO29: 2043 | DP29: 2043.25 | DQ29: 2043.5 | DR29: 2043.75 | DS29: 2044 | DT29: 2044.25 | DU29: 2044.5 | DV29: 2044.75 | DW29: 2045 | DX29: 2045.25 | DY29: 2045.5 | DZ29: 2045.75 | EA29: 2046 | EB29: 2046.25 | EC29: 2046.5 | ED29: 2046.75 | EE29: 2047 | EF29: 2047.25 | EG29: 2047.5 | EH29: 2047.75 | EI29: 2048 | EJ29: 2048.25 | EK29: 2048.5 | EL29: 2048.75 | EM29: 2049 | EN29: 2049.25 | EO29: 2049.5 | EP29: 2049.75 | EQ29: 2050 | ER29: 2050.25 | ES29: 2050.5 | ET29: 2050.75 | EU29: 2051 | EV29: 2051.25 | EW29: 2051.5 | EX29: 2051.75
A30: Annual spend | C30: $/year | F30: OR | G30: 1e+15 | H30: 1e+15 | I30: 1e+15 | J30: 1e+15 | K30: 1e+15 | L30: 1e+15 | M30: 1e+15 | N30: 1e+15 | O30: 1e+15 | P30: 1e+15 | Q30: 1e+15 | R30: 1e+15 | S30: 1e+15 | T30: 1e+15 | U30: 1e+15 | V30: 1e+15 | W30: 1e+15 | X30: 1e+15 | Y30: 1e+15 | Z30: 1e+15 | AA30: 1e+15 | AB30: 1e+15 | AC30: 1e+15 | AD30: 1e+15 | AE30: 1e+15 | AF30: 1e+15 | AG30: 1e+15 | AH30: 1e+15 | AI30: 1e+15 | AJ30: 1e+15 | AK30: 1e+15 | AL30: 1e+15 | AM30: 1e+15 | AN30: 1e+15 | AO30: 1e+15 | AP30: 1e+15 | AQ30: 1e+15 | AR30: 1e+15 | AS30: 1e+15 | AT30: 1e+15 | AU30: 1e+15 | AV30: 1e+15 | AW30: 1e+15 | AX30: 1e+15 | AY30: 1e+15 | AZ30: 1e+15 | BA30: 1e+15 | BB30: 1e+15 | BC30: 1e+15 | BD30: 1e+15 | BE30: 1e+15 | BF30: 1e+15 | BG30: 1e+15 | BH30: 1e+15 | BI30: 1e+15 | BJ30: 1e+15 | BK30: 1e+15 | BL30: 1e+15 | BM30: 1e+15 | BN30: 1e+15 | BO30: 1e+15 | BP30: 1e+15 | BQ30: 1e+15 | BR30: 1e+15 | BS30: 1e+15 | BT30: 1e+15 | BU30: 1e+15 | BV30: 1e+15 | BW30: 1e+15 | BX30: 1e+15 | BY30: 1e+15 | BZ30: 1e+15 | CA30: 1e+15 | CB30: 1e+15 | CC30: 1e+15 | CD30: 1e+15 | CE30: 1e+15 | CF30: 1e+15 | CG30: 1e+15 | CH30: 1e+15 | CI30: 1e+15 | CJ30: 1e+15 | CK30: 1e+15 | CL30: 1e+15 | CM30: 1e+15 | CN30: 1e+15 | CO30: 1e+15 | CP30: 1e+15 | CQ30: 1e+15 | CR30: 1e+15 | CS30: 1e+15 | CT30: 1e+15 | CU30: 1e+15 | CV30: 1e+15 | CW30: 1e+15 | CX30: 1e+15 | CY30: 1e+15 | CZ30: 1e+15 | DA30: 1e+15 | DB30: 1e+15 | DC30: 1e+15 | DD30: 1e+15 | DE30: 1e+15 | DF30: 1e+15 | DG30: 1e+15 | DH30: 1e+15 | DI30: 1e+15 | DJ30: 1e+15 | DK30: 1e+15 | DL30: 1e+15 | DM30: 1e+15 | DN30: 1e+15 | DO30: 1e+15 | DP30: 1e+15 | DQ30: 1e+15 | DR30: 1e+15 | DS30: 1e+15 | DT30: 1e+15 | DU30: 1e+15 | DV30: 1e+15 | DW30: 1e+15 | DX30: 1e+15 | DY30: 1e+15 | DZ30: 1e+15 | EA30: 1e+15 | EB30: 1e+15 | EC30: 1e+15 | ED30: 1e+15 | EE30: 1e+15 | EF30: 1e+15 | EG30: 1e+15 | EH30: 1e+15 | EI30: 1e+15 | EJ30: 1e+15 | EK30: 1e+15 | EL30: 1e+15 | EM30: 1e+15 | EN30: 1e+15 | EO30: 1e+15 | EP30: 1e+15 | EQ30: 1e+15 | ER30: 1e+15 | ES30: 1e+15 | ET30: 1e+15 | EU30: 1e+15 | EV30: 1e+15 | EW30: 1e+15 | EX30: 1e+15
A31: Unit cost | C31: $/person | F31: OR | G31: 0 | H31: 0 | I31: 0 | J31: 0 | K31: 0 | L31: 0 | M31: 0 | N31: 0 | O31: 0 | P31: 0 | Q31: 0 | R31: 0 | S31: 0 | T31: 0 | U31: 0 | V31: 0 | W31: 0 | X31: 0 | Y31: 0 | Z31: 0 | AA31: 0 | AB31: 0 | AC31: 0 | AD31: 0 | AE31: 0 | AF31: 0 | AG31: 0 | AH31: 0 | AI31: 0 | AJ31: 0 | AK31: 0 | AL31: 0 | AM31: 0 | AN31: 0 | AO31: 0 | AP31: 0 | AQ31: 0 | AR31: 0 | AS31: 0 | AT31: 0 | AU31: 0 | AV31: 0 | AW31: 0 | AX31: 0 | AY31: 0 | AZ31: 0 | BA31: 0 | BB31: 0 | BC31: 0 | BD31: 0 | BE31: 0 | BF31: 0 | BG31: 0 | BH31: 0 | BI31: 0 | BJ31: 0 | BK31: 0 | BL31: 0 | BM31: 0 | BN31: 0 | BO31: 0 | BP31: 0 | BQ31: 0 | BR31: 0 | BS31: 0 | BT31: 0 | BU31: 0 | BV31: 0 | BW31: 0 | BX31: 0 | BY31: 0 | BZ31: 0 | CA31: 0 | CB31: 0 | CC31: 0 | CD31: 0 | CE31: 0 | CF31: 0 | CG31: 0 | CH31: 0 | CI31: 0 | CJ31: 0 | CK31: 0 | CL31: 0 | CM31: 0 | CN31: 0 | CO31: 0 | CP31: 0 | CQ31: 0 | CR31: 0 | CS31: 0 | CT31: 0 | CU31: 0 | CV31: 0 | CW31: 0 | CX31: 0 | CY31: 0 | CZ31: 0 | DA31: 0 | DB31: 0 | DC31: 0 | DD31: 0 | DE31: 0 | DF31: 0 | DG31: 0 | DH31: 0 | DI31: 0 | DJ31: 0 | DK31: 0 | DL31: 0 | DM31: 0 | DN31: 0 | DO31: 0 | DP31: 0 | DQ31: 0 | DR31: 0 | DS31: 0 | DT31: 0 | DU31: 0 | DV31: 0 | DW31: 0 | DX31: 0 | DY31: 0 | DZ31: 0 | EA31: 0 | EB31: 0 | EC31: 0 | ED31: 0 | EE31: 0 | EF31: 0 | EG31: 0 | EH31: 0 | EI31: 0 | EJ31: 0 | EK31: 0 | EL31: 0 | EM31: 0 | EN31: 0 | EO31: 0 | EP31: 0 | EQ31: 0 | ER31: 0 | ES31: 0 | ET31: 0 | EU31: 0 | EV31: 0 | EW31: 0 | EX31: 0
A32: Capacity constraint | C32: people/year | F32: OR
A33: Saturation | C33: N.A. | F33: OR
A34: Coverage | C34: people/year | E34: 100000 | F34: OR
A36: ='Program targeting'!$B$8 -> soc_iron_tablets_mild_second_trimester_an_hm | B36: Provenance | C36: Units | D36: Uncertainty | E36: Assumption | G36: 2015 | H36: 2015.25 | I36: 2015.5 | J36: 2015.75 | K36: 2016 | L36: 2016.25 | M36: 2016.5 | N36: 2016.75 | O36: 2017 | P36: 2017.25 | Q36: 2017.5 | R36: 2017.75 | S36: 2018 | T36: 2018.25 | U36: 2018.5 | V36: 2018.75 | W36: 2019 | X36: 2019.25 | Y36: 2019.5 | Z36: 2019.75 | AA36: 2020 | AB36: 2020.25 | AC36: 2020.5 | AD36: 2020.75 | AE36: 2021 | AF36: 2021.25 | AG36: 2021.5 | AH36: 2021.75 | AI36: 2022 | AJ36: 2022.25 | AK36: 2022.5 | AL36: 2022.75 | AM36: 2023 | AN36: 2023.25 | AO36: 2023.5 | AP36: 2023.75 | AQ36: 2024 | AR36: 2024.25 | AS36: 2024.5 | AT36: 2024.75 | AU36: 2025 | AV36: 2025.25 | AW36: 2025.5 | AX36: 2025.75 | AY36: 2026 | AZ36: 2026.25 | BA36: 2026.5 | BB36: 2026.75 | BC36: 2027 | BD36: 2027.25 | BE36: 2027.5 | BF36: 2027.75 | BG36: 2028 | BH36: 2028.25 | BI36: 2028.5 | BJ36: 2028.75 | BK36: 2029 | BL36: 2029.25 | BM36: 2029.5 | BN36: 2029.75 | BO36: 2030 | BP36: 2030.25 | BQ36: 2030.5 | BR36: 2030.75 | BS36: 2031 | BT36: 2031.25 | BU36: 2031.5 | BV36: 2031.75 | BW36: 2032 | BX36: 2032.25 | BY36: 2032.5 | BZ36: 2032.75 | CA36: 2033 | CB36: 2033.25 | CC36: 2033.5 | CD36: 2033.75 | CE36: 2034 | CF36: 2034.25 | CG36: 2034.5 | CH36: 2034.75 | CI36: 2035 | CJ36: 2035.25 | CK36: 2035.5 | CL36: 2035.75 | CM36: 2036 | CN36: 2036.25 | CO36: 2036.5 | CP36: 2036.75 | CQ36: 2037 | CR36: 2037.25 | CS36: 2037.5 | CT36: 2037.75 | CU36: 2038 | CV36: 2038.25 | CW36: 2038.5 | CX36: 2038.75 | CY36: 2039 | CZ36: 2039.25 | DA36: 2039.5 | DB36: 2039.75 | DC36: 2040 | DD36: 2040.25 | DE36: 2040.5 | DF36: 2040.75 | DG36: 2041 | DH36: 2041.25 | DI36: 2041.5 | DJ36: 2041.75 | DK36: 2042 | DL36: 2042.25 | DM36: 2042.5 | DN36: 2042.75 | DO36: 2043 | DP36: 2043.25 | DQ36: 2043.5 | DR36: 2043.75 | DS36: 2044 | DT36: 2044.25 | DU36: 2044.5 | DV36: 2044.75 | DW36: 2045 | DX36: 2045.25 | DY36: 2045.5 | DZ36: 2045.75 | EA36: 2046 | EB36: 2046.25 | EC36: 2046.5 | ED36: 2046.75 | EE36: 2047 | EF36: 2047.25 | EG36: 2047.5 | EH36: 2047.75 | EI36: 2048 | EJ36: 2048.25 | EK36: 2048.5 | EL36: 2048.75 | EM36: 2049 | EN36: 2049.25 | EO36: 2049.5 | EP36: 2049.75 | EQ36: 2050 | ER36: 2050.25 | ES36: 2050.5 | ET36: 2050.75 | EU36: 2051 | EV36: 2051.25 | EW36: 2051.5 | EX36: 2051.75
A37: Annual spend | C37: $/year | F37: OR | G37: 1e+15 | H37: 1e+15 | I37: 1e+15 | J37: 1e+15 | K37: 1e+15 | L37: 1e+15 | M37: 1e+15 | N37: 1e+15 | O37: 1e+15 | P37: 1e+15 | Q37: 1e+15 | R37: 1e+15 | S37: 1e+15 | T37: 1e+15 | U37: 1e+15 | V37: 1e+15 | W37: 1e+15 | X37: 1e+15 | Y37: 1e+15 | Z37: 1e+15 | AA37: 1e+15 | AB37: 1e+15 | AC37: 1e+15 | AD37: 1e+15 | AE37: 1e+15 | AF37: 1e+15 | AG37: 1e+15 | AH37: 1e+15 | AI37: 1e+15 | AJ37: 1e+15 | AK37: 1e+15 | AL37: 1e+15 | AM37: 1e+15 | AN37: 1e+15 | AO37: 1e+15 | AP37: 1e+15 | AQ37: 1e+15 | AR37: 1e+15 | AS37: 1e+15 | AT37: 1e+15 | AU37: 1e+15 | AV37: 1e+15 | AW37: 1e+15 | AX37: 1e+15 | AY37: 1e+15 | AZ37: 1e+15 | BA37: 1e+15 | BB37: 1e+15 | BC37: 1e+15 | BD37: 1e+15 | BE37: 1e+15 | BF37: 1e+15 | BG37: 1e+15 | BH37: 1e+15 | BI37: 1e+15 | BJ37: 1e+15 | BK37: 1e+15 | BL37: 1e+15 | BM37: 1e+15 | BN37: 1e+15 | BO37: 1e+15 | BP37: 1e+15 | BQ37: 1e+15 | BR37: 1e+15 | BS37: 1e+15 | BT37: 1e+15 | BU37: 1e+15 | BV37: 1e+15 | BW37: 1e+15 | BX37: 1e+15 | BY37: 1e+15 | BZ37: 1e+15 | CA37: 1e+15 | CB37: 1e+15 | CC37: 1e+15 | CD37: 1e+15 | CE37: 1e+15 | CF37: 1e+15 | CG37: 1e+15 | CH37: 1e+15 | CI37: 1e+15 | CJ37: 1e+15 | CK37: 1e+15 | CL37: 1e+15 | CM37: 1e+15 | CN37: 1e+15 | CO37: 1e+15 | CP37: 1e+15 | CQ37: 1e+15 | CR37: 1e+15 | CS37: 1e+15 | CT37: 1e+15 | CU37: 1e+15 | CV37: 1e+15 | CW37: 1e+15 | CX37: 1e+15 | CY37: 1e+15 | CZ37: 1e+15 | DA37: 1e+15 | DB37: 1e+15 | DC37: 1e+15 | DD37: 1e+15 | DE37: 1e+15 | DF37: 1e+15 | DG37: 1e+15 | DH37: 1e+15 | DI37: 1e+15 | DJ37: 1e+15 | DK37: 1e+15 | DL37: 1e+15 | DM37: 1e+15 | DN37: 1e+15 | DO37: 1e+15 | DP37: 1e+15 | DQ37: 1e+15 | DR37: 1e+15 | DS37: 1e+15 | DT37: 1e+15 | DU37: 1e+15 | DV37: 1e+15 | DW37: 1e+15 | DX37: 1e+15 | DY37: 1e+15 | DZ37: 1e+15 | EA37: 1e+15 | EB37: 1e+15 | EC37: 1e+15 | ED37: 1e+15 | EE37: 1e+15 | EF37: 1e+15 | EG37: 1e+15 | EH37: 1e+15 | EI37: 1e+15 | EJ37: 1e+15 | EK37: 1e+15 | EL37: 1e+15 | EM37: 1e+15 | EN37: 1e+15 | EO37: 1e+15 | EP37: 1e+15 | EQ37: 1e+15 | ER37: 1e+15 | ES37: 1e+15 | ET37: 1e+15 | EU37: 1e+15 | EV37: 1e+15 | EW37: 1e+15 | EX37: 1e+15
A38: Unit cost | C38: $/person | F38: OR | G38: 6.2864164 | H38: 6.2864164 | I38: 6.2864164 | J38: 6.2864164 | K38: 6.2864164 | L38: 6.2864164 | M38: 6.2864164 | N38: 6.2864164 | O38: 6.2864164 | P38: 6.2864164 | Q38: 6.2864164 | R38: 6.2864164 | S38: 6.2864164 | T38: 6.2864164 | U38: 6.2864164 | V38: 6.2864164 | W38: 6.2864164 | X38: 6.2864164 | Y38: 6.2864164 | Z38: 6.2864164 | AA38: 6.2864164 | AB38: 6.2864164 | AC38: 6.2864164 | AD38: 6.2864164 | AE38: 6.2864164 | AF38: 6.2864164 | AG38: 6.2864164 | AH38: 6.2864164 | AI38: 6.2864164 | AJ38: 6.2864164 | AK38: 6.2864164 | AL38: 6.2864164 | AM38: 6.2864164 | AN38: 6.2864164 | AO38: 6.2864164 | AP38: 6.2864164 | AQ38: 6.2864164 | AR38: 6.2864164 | AS38: 6.2864164 | AT38: 6.2864164 | AU38: 6.2864164 | AV38: 6.2864164 | AW38: 6.2864164 | AX38: 6.2864164 | AY38: 6.2864164 | AZ38: 6.2864164 | BA38: 6.2864164 | BB38: 6.2864164 | BC38: 6.2864164 | BD38: 6.2864164 | BE38: 6.2864164 | BF38: 6.2864164 | BG38: 6.2864164 | BH38: 6.2864164 | BI38: 6.2864164 | BJ38: 6.2864164 | BK38: 6.2864164 | BL38: 6.2864164 | BM38: 6.2864164 | BN38: 6.2864164 | BO38: 6.2864164 | BP38: 6.2864164 | BQ38: 6.2864164 | BR38: 6.2864164 | BS38: 6.2864164 | BT38: 6.2864164 | BU38: 6.2864164 | BV38: 6.2864164 | BW38: 6.2864164 | BX38: 6.2864164 | BY38: 6.2864164 | BZ38: 6.2864164 | CA38: 6.2864164 | CB38: 6.2864164 | CC38: 6.2864164 | CD38: 6.2864164 | CE38: 6.2864164 | CF38: 6.2864164 | CG38: 6.2864164 | CH38: 6.2864164 | CI38: 6.2864164 | CJ38: 6.2864164 | CK38: 6.2864164 | CL38: 6.2864164 | CM38: 6.2864164 | CN38: 6.2864164 | CO38: 6.2864164 | CP38: 6.2864164 | CQ38: 6.2864164 | CR38: 6.2864164 | CS38: 6.2864164 | CT38: 6.2864164 | CU38: 6.2864164 | CV38: 6.2864164 | CW38: 6.2864164 | CX38: 6.2864164 | CY38: 6.2864164 | CZ38: 6.2864164 | DA38: 6.2864164 | DB38: 6.2864164 | DC38: 6.2864164 | DD38: 6.2864164 | DE38: 6.2864164 | DF38: 6.2864164 | DG38: 6.2864164 | DH38: 6.2864164 | DI38: 6.2864164 | DJ38: 6.2864164 | DK38: 6.2864164 | DL38: 6.2864164 | DM38: 6.2864164 | DN38: 6.2864164 | DO38: 6.2864164 | DP38: 6.2864164 | DQ38: 6.2864164 | DR38: 6.2864164 | DS38: 6.2864164 | DT38: 6.2864164 | DU38: 6.2864164 | DV38: 6.2864164 | DW38: 6.2864164 | DX38: 6.2864164 | DY38: 6.2864164 | DZ38: 6.2864164 | EA38: 6.2864164 | EB38: 6.2864164 | EC38: 6.2864164 | ED38: 6.2864164 | EE38: 6.2864164 | EF38: 6.2864164 | EG38: 6.2864164 | EH38: 6.2864164 | EI38: 6.2864164 | EJ38: 6.2864164 | EK38: 6.2864164 | EL38: 6.2864164 | EM38: 6.2864164 | EN38: 6.2864164 | EO38: 6.2864164 | EP38: 6.2864164 | EQ38: 6.2864164 | ER38: 6.2864164 | ES38: 6.2864164 | ET38: 6.2864164 | EU38: 6.2864164 | EV38: 6.2864164 | EW38: 6.2864164 | EX38: 6.2864164
A39: Capacity constraint | C39: people/year | F39: OR
A40: Saturation | C40: N.A. | F40: OR
A41: Coverage | C41: people/year | E41: 100000 | F41: OR
A43: ='Program targeting'!$B$9 -> soc_iron_tablets_moderate_first_trimester_an_hm | B43: Provenance | C43: Units | D43: Uncertainty | E43: Assumption | G43: 2015 | H43: 2015.25 | I43: 2015.5 | J43: 2015.75 | K43: 2016 | L43: 2016.25 | M43: 2016.5 | N43: 2016.75 | O43: 2017 | P43: 2017.25 | Q43: 2017.5 | R43: 2017.75 | S43: 2018 | T43: 2018.25 | U43: 2018.5 | V43: 2018.75 | W43: 2019 | X43: 2019.25 | Y43: 2019.5 | Z43: 2019.75 | AA43: 2020 | AB43: 2020.25 | AC43: 2020.5 | AD43: 2020.75 | AE43: 2021 | AF43: 2021.25 | AG43: 2021.5 | AH43: 2021.75 | AI43: 2022 | AJ43: 2022.25 | AK43: 2022.5 | AL43: 2022.75 | AM43: 2023 | AN43: 2023.25 | AO43: 2023.5 | AP43: 2023.75 | AQ43: 2024 | AR43: 2024.25 | AS43: 2024.5 | AT43: 2024.75 | AU43: 2025 | AV43: 2025.25 | AW43: 2025.5 | AX43: 2025.75 | AY43: 2026 | AZ43: 2026.25 | BA43: 2026.5 | BB43: 2026.75 | BC43: 2027 | BD43: 2027.25 | BE43: 2027.5 | BF43: 2027.75 | BG43: 2028 | BH43: 2028.25 | BI43: 2028.5 | BJ43: 2028.75 | BK43: 2029 | BL43: 2029.25 | BM43: 2029.5 | BN43: 2029.75 | BO43: 2030 | BP43: 2030.25 | BQ43: 2030.5 | BR43: 2030.75 | BS43: 2031 | BT43: 2031.25 | BU43: 2031.5 | BV43: 2031.75 | BW43: 2032 | BX43: 2032.25 | BY43: 2032.5 | BZ43: 2032.75 | CA43: 2033 | CB43: 2033.25 | CC43: 2033.5 | CD43: 2033.75 | CE43: 2034 | CF43: 2034.25 | CG43: 2034.5 | CH43: 2034.75 | CI43: 2035 | CJ43: 2035.25 | CK43: 2035.5 | CL43: 2035.75 | CM43: 2036 | CN43: 2036.25 | CO43: 2036.5 | CP43: 2036.75 | CQ43: 2037 | CR43: 2037.25 | CS43: 2037.5 | CT43: 2037.75 | CU43: 2038 | CV43: 2038.25 | CW43: 2038.5 | CX43: 2038.75 | CY43: 2039 | CZ43: 2039.25 | DA43: 2039.5 | DB43: 2039.75 | DC43: 2040 | DD43: 2040.25 | DE43: 2040.5 | DF43: 2040.75 | DG43: 2041 | DH43: 2041.25 | DI43: 2041.5 | DJ43: 2041.75 | DK43: 2042 | DL43: 2042.25 | DM43: 2042.5 | DN43: 2042.75 | DO43: 2043 | DP43: 2043.25 | DQ43: 2043.5 | DR43: 2043.75 | DS43: 2044 | DT43: 2044.25 | DU43: 2044.5 | DV43: 2044.75 | DW43: 2045 | DX43: 2045.25 | DY43: 2045.5 | DZ43: 2045.75 | EA43: 2046 | EB43: 2046.25 | EC43: 2046.5 | ED43: 2046.75 | EE43: 2047 | EF43: 2047.25 | EG43: 2047.5 | EH43: 2047.75 | EI43: 2048 | EJ43: 2048.25 | EK43: 2048.5 | EL43: 2048.75 | EM43: 2049 | EN43: 2049.25 | EO43: 2049.5 | EP43: 2049.75 | EQ43: 2050 | ER43: 2050.25 | ES43: 2050.5 | ET43: 2050.75 | EU43: 2051 | EV43: 2051.25 | EW43: 2051.5 | EX43: 2051.75
A44: Annual spend | C44: $/year | F44: OR | G44: 1e+15 | H44: 1e+15 | I44: 1e+15 | J44: 1e+15 | K44: 1e+15 | L44: 1e+15 | M44: 1e+15 | N44: 1e+15 | O44: 1e+15 | P44: 1e+15 | Q44: 1e+15 | R44: 1e+15 | S44: 1e+15 | T44: 1e+15 | U44: 1e+15 | V44: 1e+15 | W44: 1e+15 | X44: 1e+15 | Y44: 1e+15 | Z44: 1e+15 | AA44: 1e+15 | AB44: 1e+15 | AC44: 1e+15 | AD44: 1e+15 | AE44: 1e+15 | AF44: 1e+15 | AG44: 1e+15 | AH44: 1e+15 | AI44: 1e+15 | AJ44: 1e+15 | AK44: 1e+15 | AL44: 1e+15 | AM44: 1e+15 | AN44: 1e+15 | AO44: 1e+15 | AP44: 1e+15 | AQ44: 1e+15 | AR44: 1e+15 | AS44: 1e+15 | AT44: 1e+15 | AU44: 1e+15 | AV44: 1e+15 | AW44: 1e+15 | AX44: 1e+15 | AY44: 1e+15 | AZ44: 1e+15 | BA44: 1e+15 | BB44: 1e+15 | BC44: 1e+15 | BD44: 1e+15 | BE44: 1e+15 | BF44: 1e+15 | BG44: 1e+15 | BH44: 1e+15 | BI44: 1e+15 | BJ44: 1e+15 | BK44: 1e+15 | BL44: 1e+15 | BM44: 1e+15 | BN44: 1e+15 | BO44: 1e+15 | BP44: 1e+15 | BQ44: 1e+15 | BR44: 1e+15 | BS44: 1e+15 | BT44: 1e+15 | BU44: 1e+15 | BV44: 1e+15 | BW44: 1e+15 | BX44: 1e+15 | BY44: 1e+15 | BZ44: 1e+15 | CA44: 1e+15 | CB44: 1e+15 | CC44: 1e+15 | CD44: 1e+15 | CE44: 1e+15 | CF44: 1e+15 | CG44: 1e+15 | CH44: 1e+15 | CI44: 1e+15 | CJ44: 1e+15 | CK44: 1e+15 | CL44: 1e+15 | CM44: 1e+15 | CN44: 1e+15 | CO44: 1e+15 | CP44: 1e+15 | CQ44: 1e+15 | CR44: 1e+15 | CS44: 1e+15 | CT44: 1e+15 | CU44: 1e+15 | CV44: 1e+15 | CW44: 1e+15 | CX44: 1e+15 | CY44: 1e+15 | CZ44: 1e+15 | DA44: 1e+15 | DB44: 1e+15 | DC44: 1e+15 | DD44: 1e+15 | DE44: 1e+15 | DF44: 1e+15 | DG44: 1e+15 | DH44: 1e+15 | DI44: 1e+15 | DJ44: 1e+15 | DK44: 1e+15 | DL44: 1e+15 | DM44: 1e+15 | DN44: 1e+15 | DO44: 1e+15 | DP44: 1e+15 | DQ44: 1e+15 | DR44: 1e+15 | DS44: 1e+15 | DT44: 1e+15 | DU44: 1e+15 | DV44: 1e+15 | DW44: 1e+15 | DX44: 1e+15 | DY44: 1e+15 | DZ44: 1e+15 | EA44: 1e+15 | EB44: 1e+15 | EC44: 1e+15 | ED44: 1e+15 | EE44: 1e+15 | EF44: 1e+15 | EG44: 1e+15 | EH44: 1e+15 | EI44: 1e+15 | EJ44: 1e+15 | EK44: 1e+15 | EL44: 1e+15 | EM44: 1e+15 | EN44: 1e+15 | EO44: 1e+15 | EP44: 1e+15 | EQ44: 1e+15 | ER44: 1e+15 | ES44: 1e+15 | ET44: 1e+15 | EU44: 1e+15 | EV44: 1e+15 | EW44: 1e+15 | EX44: 1e+15
A45: Unit cost | C45: $/person | F45: OR | G45: 0 | H45: 0 | I45: 0 | J45: 0 | K45: 0 | L45: 0 | M45: 0 | N45: 0 | O45: 0 | P45: 0 | Q45: 0 | R45: 0 | S45: 0 | T45: 0 | U45: 0 | V45: 0 | W45: 0 | X45: 0 | Y45: 0 | Z45: 0 | AA45: 0 | AB45: 0 | AC45: 0 | AD45: 0 | AE45: 0 | AF45: 0 | AG45: 0 | AH45: 0 | AI45: 0 | AJ45: 0 | AK45: 0 | AL45: 0 | AM45: 0 | AN45: 0 | AO45: 0 | AP45: 0 | AQ45: 0 | AR45: 0 | AS45: 0 | AT45: 0 | AU45: 0 | AV45: 0 | AW45: 0 | AX45: 0 | AY45: 0 | AZ45: 0 | BA45: 0 | BB45: 0 | BC45: 0 | BD45: 0 | BE45: 0 | BF45: 0 | BG45: 0 | BH45: 0 | BI45: 0 | BJ45: 0 | BK45: 0 | BL45: 0 | BM45: 0 | BN45: 0 | BO45: 0 | BP45: 0 | BQ45: 0 | BR45: 0 | BS45: 0 | BT45: 0 | BU45: 0 | BV45: 0 | BW45: 0 | BX45: 0 | BY45: 0 | BZ45: 0 | CA45: 0 | CB45: 0 | CC45: 0 | CD45: 0 | CE45: 0 | CF45: 0 | CG45: 0 | CH45: 0 | CI45: 0 | CJ45: 0 | CK45: 0 | CL45: 0 | CM45: 0 | CN45: 0 | CO45: 0 | CP45: 0 | CQ45: 0 | CR45: 0 | CS45: 0 | CT45: 0 | CU45: 0 | CV45: 0 | CW45: 0 | CX45: 0 | CY45: 0 | CZ45: 0 | DA45: 0 | DB45: 0 | DC45: 0 | DD45: 0 | DE45: 0 | DF45: 0 | DG45: 0 | DH45: 0 | DI45: 0 | DJ45: 0 | DK45: 0 | DL45: 0 | DM45: 0 | DN45: 0 | DO45: 0 | DP45: 0 | DQ45: 0 | DR45: 0 | DS45: 0 | DT45: 0 | DU45: 0 | DV45: 0 | DW45: 0 | DX45: 0 | DY45: 0 | DZ45: 0 | EA45: 0 | EB45: 0 | EC45: 0 | ED45: 0 | EE45: 0 | EF45: 0 | EG45: 0 | EH45: 0 | EI45: 0 | EJ45: 0 | EK45: 0 | EL45: 0 | EM45: 0 | EN45: 0 | EO45: 0 | EP45: 0 | EQ45: 0 | ER45: 0 | ES45: 0 | ET45: 0 | EU45: 0 | EV45: 0 | EW45: 0 | EX45: 0
A46: Capacity constraint | C46: people/year | F46: OR
A47: Saturation | C47: N.A. | F47: OR
A48: Coverage | C48: people/year | E48: 100000 | F48: OR
A50: ='Program targeting'!$B$10 -> soc_iron_tablets_moderate_second_trimester_an_hm | B50: Provenance | C50: Units | D50: Uncertainty | E50: Assumption | G50: 2015 | H50: 2015.25 | I50: 2015.5 | J50: 2015.75 | K50: 2016 | L50: 2016.25 | M50: 2016.5 | N50: 2016.75 | O50: 2017 | P50: 2017.25 | Q50: 2017.5 | R50: 2017.75 | S50: 2018 | T50: 2018.25 | U50: 2018.5 | V50: 2018.75 | W50: 2019 | X50: 2019.25 | Y50: 2019.5 | Z50: 2019.75 | AA50: 2020 | AB50: 2020.25 | AC50: 2020.5 | AD50: 2020.75 | AE50: 2021 | AF50: 2021.25 | AG50: 2021.5 | AH50: 2021.75 | AI50: 2022 | AJ50: 2022.25 | AK50: 2022.5 | AL50: 2022.75 | AM50: 2023 | AN50: 2023.25 | AO50: 2023.5 | AP50: 2023.75 | AQ50: 2024 | AR50: 2024.25 | AS50: 2024.5 | AT50: 2024.75 | AU50: 2025 | AV50: 2025.25 | AW50: 2025.5 | AX50: 2025.75 | AY50: 2026 | AZ50: 2026.25 | BA50: 2026.5 | BB50: 2026.75 | BC50: 2027 | BD50: 2027.25 | BE50: 2027.5 | BF50: 2027.75 | BG50: 2028 | BH50: 2028.25 | BI50: 2028.5 | BJ50: 2028.75 | BK50: 2029 | BL50: 2029.25 | BM50: 2029.5 | BN50: 2029.75 | BO50: 2030 | BP50: 2030.25 | BQ50: 2030.5 | BR50: 2030.75 | BS50: 2031 | BT50: 2031.25 | BU50: 2031.5 | BV50: 2031.75 | BW50: 2032 | BX50: 2032.25 | BY50: 2032.5 | BZ50: 2032.75 | CA50: 2033 | CB50: 2033.25 | CC50: 2033.5 | CD50: 2033.75 | CE50: 2034 | CF50: 2034.25 | CG50: 2034.5 | CH50: 2034.75 | CI50: 2035 | CJ50: 2035.25 | CK50: 2035.5 | CL50: 2035.75 | CM50: 2036 | CN50: 2036.25 | CO50: 2036.5 | CP50: 2036.75 | CQ50: 2037 | CR50: 2037.25 | CS50: 2037.5 | CT50: 2037.75 | CU50: 2038 | CV50: 2038.25 | CW50: 2038.5 | CX50: 2038.75 | CY50: 2039 | CZ50: 2039.25 | DA50: 2039.5 | DB50: 2039.75 | DC50: 2040 | DD50: 2040.25 | DE50: 2040.5 | DF50: 2040.75 | DG50: 2041 | DH50: 2041.25 | DI50: 2041.5 | DJ50: 2041.75 | DK50: 2042 | DL50: 2042.25 | DM50: 2042.5 | DN50: 2042.75 | DO50: 2043 | DP50: 2043.25 | DQ50: 2043.5 | DR50: 2043.75 | DS50: 2044 | DT50: 2044.25 | DU50: 2044.5 | DV50: 2044.75 | DW50: 2045 | DX50: 2045.25 | DY50: 2045.5 | DZ50: 2045.75 | EA50: 2046 | EB50: 2046.25 | EC50: 2046.5 | ED50: 2046.75 | EE50: 2047 | EF50: 2047.25 | EG50: 2047.5 | EH50: 2047.75 | EI50: 2048 | EJ50: 2048.25 | EK50: 2048.5 | EL50: 2048.75 | EM50: 2049 | EN50: 2049.25 | EO50: 2049.5 | EP50: 2049.75 | EQ50: 2050 | ER50: 2050.25 | ES50: 2050.5 | ET50: 2050.75 | EU50: 2051 | EV50: 2051.25 | EW50: 2051.5 | EX50: 2051.75
A51: Annual spend | C51: $/year | F51: OR | G51: 1e+15 | H51: 1e+15 | I51: 1e+15 | J51: 1e+15 | K51: 1e+15 | L51: 1e+15 | M51: 1e+15 | N51: 1e+15 | O51: 1e+15 | P51: 1e+15 | Q51: 1e+15 | R51: 1e+15 | S51: 1e+15 | T51: 1e+15 | U51: 1e+15 | V51: 1e+15 | W51: 1e+15 | X51: 1e+15 | Y51: 1e+15 | Z51: 1e+15 | AA51: 1e+15 | AB51: 1e+15 | AC51: 1e+15 | AD51: 1e+15 | AE51: 1e+15 | AF51: 1e+15 | AG51: 1e+15 | AH51: 1e+15 | AI51: 1e+15 | AJ51: 1e+15 | AK51: 1e+15 | AL51: 1e+15 | AM51: 1e+15 | AN51: 1e+15 | AO51: 1e+15 | AP51: 1e+15 | AQ51: 1e+15 | AR51: 1e+15 | AS51: 1e+15 | AT51: 1e+15 | AU51: 1e+15 | AV51: 1e+15 | AW51: 1e+15 | AX51: 1e+15 | AY51: 1e+15 | AZ51: 1e+15 | BA51: 1e+15 | BB51: 1e+15 | BC51: 1e+15 | BD51: 1e+15 | BE51: 1e+15 | BF51: 1e+15 | BG51: 1e+15 | BH51: 1e+15 | BI51: 1e+15 | BJ51: 1e+15 | BK51: 1e+15 | BL51: 1e+15 | BM51: 1e+15 | BN51: 1e+15 | BO51: 1e+15 | BP51: 1e+15 | BQ51: 1e+15 | BR51: 1e+15 | BS51: 1e+15 | BT51: 1e+15 | BU51: 1e+15 | BV51: 1e+15 | BW51: 1e+15 | BX51: 1e+15 | BY51: 1e+15 | BZ51: 1e+15 | CA51: 1e+15 | CB51: 1e+15 | CC51: 1e+15 | CD51: 1e+15 | CE51: 1e+15 | CF51: 1e+15 | CG51: 1e+15 | CH51: 1e+15 | CI51: 1e+15 | CJ51: 1e+15 | CK51: 1e+15 | CL51: 1e+15 | CM51: 1e+15 | CN51: 1e+15 | CO51: 1e+15 | CP51: 1e+15 | CQ51: 1e+15 | CR51: 1e+15 | CS51: 1e+15 | CT51: 1e+15 | CU51: 1e+15 | CV51: 1e+15 | CW51: 1e+15 | CX51: 1e+15 | CY51: 1e+15 | CZ51: 1e+15 | DA51: 1e+15 | DB51: 1e+15 | DC51: 1e+15 | DD51: 1e+15 | DE51: 1e+15 | DF51: 1e+15 | DG51: 1e+15 | DH51: 1e+15 | DI51: 1e+15 | DJ51: 1e+15 | DK51: 1e+15 | DL51: 1e+15 | DM51: 1e+15 | DN51: 1e+15 | DO51: 1e+15 | DP51: 1e+15 | DQ51: 1e+15 | DR51: 1e+15 | DS51: 1e+15 | DT51: 1e+15 | DU51: 1e+15 | DV51: 1e+15 | DW51: 1e+15 | DX51: 1e+15 | DY51: 1e+15 | DZ51: 1e+15 | EA51: 1e+15 | EB51: 1e+15 | EC51: 1e+15 | ED51: 1e+15 | EE51: 1e+15 | EF51: 1e+15 | EG51: 1e+15 | EH51: 1e+15 | EI51: 1e+15 | EJ51: 1e+15 | EK51: 1e+15 | EL51: 1e+15 | EM51: 1e+15 | EN51: 1e+15 | EO51: 1e+15 | EP51: 1e+15 | EQ51: 1e+15 | ER51: 1e+15 | ES51: 1e+15 | ET51: 1e+15 | EU51: 1e+15 | EV51: 1e+15 | EW51: 1e+15 | EX51: 1e+15
A52: Unit cost | C52: $/person | F52: OR | G52: 6.2864164 | H52: 6.2864164 | I52: 6.2864164 | J52: 6.2864164 | K52: 6.2864164 | L52: 6.2864164 | M52: 6.2864164 | N52: 6.2864164 | O52: 6.2864164 | P52: 6.2864164 | Q52: 6.2864164 | R52: 6.2864164 | S52: 6.2864164 | T52: 6.2864164 | U52: 6.2864164 | V52: 6.2864164 | W52: 6.2864164 | X52: 6.2864164 | Y52: 6.2864164 | Z52: 6.2864164 | AA52: 6.2864164 | AB52: 6.2864164 | AC52: 6.2864164 | AD52: 6.2864164 | AE52: 6.2864164 | AF52: 6.2864164 | AG52: 6.2864164 | AH52: 6.2864164 | AI52: 6.2864164 | AJ52: 6.2864164 | AK52: 6.2864164 | AL52: 6.2864164 | AM52: 6.2864164 | AN52: 6.2864164 | AO52: 6.2864164 | AP52: 6.2864164 | AQ52: 6.2864164 | AR52: 6.2864164 | AS52: 6.2864164 | AT52: 6.2864164 | AU52: 6.2864164 | AV52: 6.2864164 | AW52: 6.2864164 | AX52: 6.2864164 | AY52: 6.2864164 | AZ52: 6.2864164 | BA52: 6.2864164 | BB52: 6.2864164 | BC52: 6.2864164 | BD52: 6.2864164 | BE52: 6.2864164 | BF52: 6.2864164 | BG52: 6.2864164 | BH52: 6.2864164 | BI52: 6.2864164 | BJ52: 6.2864164 | BK52: 6.2864164 | BL52: 6.2864164 | BM52: 6.2864164 | BN52: 6.2864164 | BO52: 6.2864164 | BP52: 6.2864164 | BQ52: 6.2864164 | BR52: 6.2864164 | BS52: 6.2864164 | BT52: 6.2864164 | BU52: 6.2864164 | BV52: 6.2864164 | BW52: 6.2864164 | BX52: 6.2864164 | BY52: 6.2864164 | BZ52: 6.2864164 | CA52: 6.2864164 | CB52: 6.2864164 | CC52: 6.2864164 | CD52: 6.2864164 | CE52: 6.2864164 | CF52: 6.2864164 | CG52: 6.2864164 | CH52: 6.2864164 | CI52: 6.2864164 | CJ52: 6.2864164 | CK52: 6.2864164 | CL52: 6.2864164 | CM52: 6.2864164 | CN52: 6.2864164 | CO52: 6.2864164 | CP52: 6.2864164 | CQ52: 6.2864164 | CR52: 6.2864164 | CS52: 6.2864164 | CT52: 6.2864164 | CU52: 6.2864164 | CV52: 6.2864164 | CW52: 6.2864164 | CX52: 6.2864164 | CY52: 6.2864164 | CZ52: 6.2864164 | DA52: 6.2864164 | DB52: 6.2864164 | DC52: 6.2864164 | DD52: 6.2864164 | DE52: 6.2864164 | DF52: 6.2864164 | DG52: 6.2864164 | DH52: 6.2864164 | DI52: 6.2864164 | DJ52: 6.2864164 | DK52: 6.2864164 | DL52: 6.2864164 | DM52: 6.2864164 | DN52: 6.2864164 | DO52: 6.2864164 | DP52: 6.2864164 | DQ52: 6.2864164 | DR52: 6.2864164 | DS52: 6.2864164 | DT52: 6.2864164 | DU52: 6.2864164 | DV52: 6.2864164 | DW52: 6.2864164 | DX52: 6.2864164 | DY52: 6.2864164 | DZ52: 6.2864164 | EA52: 6.2864164 | EB52: 6.2864164 | EC52: 6.2864164 | ED52: 6.2864164 | EE52: 6.2864164 | EF52: 6.2864164 | EG52: 6.2864164 | EH52: 6.2864164 | EI52: 6.2864164 | EJ52: 6.2864164 | EK52: 6.2864164 | EL52: 6.2864164 | EM52: 6.2864164 | EN52: 6.2864164 | EO52: 6.2864164 | EP52: 6.2864164 | EQ52: 6.2864164 | ER52: 6.2864164 | ES52: 6.2864164 | ET52: 6.2864164 | EU52: 6.2864164 | EV52: 6.2864164 | EW52: 6.2864164 | EX52: 6.2864164
A53: Capacity constraint | C53: people/year | F53: OR
A54: Saturation | C54: N.A. | F54: OR
A55: Coverage | C55: people/year | E55: 100000 | F55: OR
A57: ='Program targeting'!$B$11 -> soc_iron_tablets_severe_first_trimester_an_hm | B57: Provenance | C57: Units | D57: Uncertainty | E57: Assumption | G57: 2015 | H57: 2015.25 | I57: 2015.5 | J57: 2015.75 | K57: 2016 | L57: 2016.25 | M57: 2016.5 | N57: 2016.75 | O57: 2017 | P57: 2017.25 | Q57: 2017.5 | R57: 2017.75 | S57: 2018 | T57: 2018.25 | U57: 2018.5 | V57: 2018.75 | W57: 2019 | X57: 2019.25 | Y57: 2019.5 | Z57: 2019.75 | AA57: 2020 | AB57: 2020.25 | AC57: 2020.5 | AD57: 2020.75 | AE57: 2021 | AF57: 2021.25 | AG57: 2021.5 | AH57: 2021.75 | AI57: 2022 | AJ57: 2022.25 | AK57: 2022.5 | AL57: 2022.75 | AM57: 2023 | AN57: 2023.25 | AO57: 2023.5 | AP57: 2023.75 | AQ57: 2024 | AR57: 2024.25 | AS57: 2024.5 | AT57: 2024.75 | AU57: 2025 | AV57: 2025.25 | AW57: 2025.5 | AX57: 2025.75 | AY57: 2026 | AZ57: 2026.25 | BA57: 2026.5 | BB57: 2026.75 | BC57: 2027 | BD57: 2027.25 | BE57: 2027.5 | BF57: 2027.75 | BG57: 2028 | BH57: 2028.25 | BI57: 2028.5 | BJ57: 2028.75 | BK57: 2029 | BL57: 2029.25 | BM57: 2029.5 | BN57: 2029.75 | BO57: 2030 | BP57: 2030.25 | BQ57: 2030.5 | BR57: 2030.75 | BS57: 2031 | BT57: 2031.25 | BU57: 2031.5 | BV57: 2031.75 | BW57: 2032 | BX57: 2032.25 | BY57: 2032.5 | BZ57: 2032.75 | CA57: 2033 | CB57: 2033.25 | CC57: 2033.5 | CD57: 2033.75 | CE57: 2034 | CF57: 2034.25 | CG57: 2034.5 | CH57: 2034.75 | CI57: 2035 | CJ57: 2035.25 | CK57: 2035.5 | CL57: 2035.75 | CM57: 2036 | CN57: 2036.25 | CO57: 2036.5 | CP57: 2036.75 | CQ57: 2037 | CR57: 2037.25 | CS57: 2037.5 | CT57: 2037.75 | CU57: 2038 | CV57: 2038.25 | CW57: 2038.5 | CX57: 2038.75 | CY57: 2039 | CZ57: 2039.25 | DA57: 2039.5 | DB57: 2039.75 | DC57: 2040 | DD57: 2040.25 | DE57: 2040.5 | DF57: 2040.75 | DG57: 2041 | DH57: 2041.25 | DI57: 2041.5 | DJ57: 2041.75 | DK57: 2042 | DL57: 2042.25 | DM57: 2042.5 | DN57: 2042.75 | DO57: 2043 | DP57: 2043.25 | DQ57: 2043.5 | DR57: 2043.75 | DS57: 2044 | DT57: 2044.25 | DU57: 2044.5 | DV57: 2044.75 | DW57: 2045 | DX57: 2045.25 | DY57: 2045.5 | DZ57: 2045.75 | EA57: 2046 | EB57: 2046.25 | EC57: 2046.5 | ED57: 2046.75 | EE57: 2047 | EF57: 2047.25 | EG57: 2047.5 | EH57: 2047.75 | EI57: 2048 | EJ57: 2048.25 | EK57: 2048.5 | EL57: 2048.75 | EM57: 2049 | EN57: 2049.25 | EO57: 2049.5 | EP57: 2049.75 | EQ57: 2050 | ER57: 2050.25 | ES57: 2050.5 | ET57: 2050.75 | EU57: 2051 | EV57: 2051.25 | EW57: 2051.5 | EX57: 2051.75
A58: Annual spend | C58: $/year | F58: OR | G58: 1e+15 | H58: 1e+15 | I58: 1e+15 | J58: 1e+15 | K58: 1e+15 | L58: 1e+15 | M58: 1e+15 | N58: 1e+15 | O58: 1e+15 | P58: 1e+15 | Q58: 1e+15 | R58: 1e+15 | S58: 1e+15 | T58: 1e+15 | U58: 1e+15 | V58: 1e+15 | W58: 1e+15 | X58: 1e+15 | Y58: 1e+15 | Z58: 1e+15 | AA58: 1e+15 | AB58: 1e+15 | AC58: 1e+15 | AD58: 1e+15 | AE58: 1e+15 | AF58: 1e+15 | AG58: 1e+15 | AH58: 1e+15 | AI58: 1e+15 | AJ58: 1e+15 | AK58: 1e+15 | AL58: 1e+15 | AM58: 1e+15 | AN58: 1e+15 | AO58: 1e+15 | AP58: 1e+15 | AQ58: 1e+15 | AR58: 1e+15 | AS58: 1e+15 | AT58: 1e+15 | AU58: 1e+15 | AV58: 1e+15 | AW58: 1e+15 | AX58: 1e+15 | AY58: 1e+15 | AZ58: 1e+15 | BA58: 1e+15 | BB58: 1e+15 | BC58: 1e+15 | BD58: 1e+15 | BE58: 1e+15 | BF58: 1e+15 | BG58: 1e+15 | BH58: 1e+15 | BI58: 1e+15 | BJ58: 1e+15 | BK58: 1e+15 | BL58: 1e+15 | BM58: 1e+15 | BN58: 1e+15 | BO58: 1e+15 | BP58: 1e+15 | BQ58: 1e+15 | BR58: 1e+15 | BS58: 1e+15 | BT58: 1e+15 | BU58: 1e+15 | BV58: 1e+15 | BW58: 1e+15 | BX58: 1e+15 | BY58: 1e+15 | BZ58: 1e+15 | CA58: 1e+15 | CB58: 1e+15 | CC58: 1e+15 | CD58: 1e+15 | CE58: 1e+15 | CF58: 1e+15 | CG58: 1e+15 | CH58: 1e+15 | CI58: 1e+15 | CJ58: 1e+15 | CK58: 1e+15 | CL58: 1e+15 | CM58: 1e+15 | CN58: 1e+15 | CO58: 1e+15 | CP58: 1e+15 | CQ58: 1e+15 | CR58: 1e+15 | CS58: 1e+15 | CT58: 1e+15 | CU58: 1e+15 | CV58: 1e+15 | CW58: 1e+15 | CX58: 1e+15 | CY58: 1e+15 | CZ58: 1e+15 | DA58: 1e+15 | DB58: 1e+15 | DC58: 1e+15 | DD58: 1e+15 | DE58: 1e+15 | DF58: 1e+15 | DG58: 1e+15 | DH58: 1e+15 | DI58: 1e+15 | DJ58: 1e+15 | DK58: 1e+15 | DL58: 1e+15 | DM58: 1e+15 | DN58: 1e+15 | DO58: 1e+15 | DP58: 1e+15 | DQ58: 1e+15 | DR58: 1e+15 | DS58: 1e+15 | DT58: 1e+15 | DU58: 1e+15 | DV58: 1e+15 | DW58: 1e+15 | DX58: 1e+15 | DY58: 1e+15 | DZ58: 1e+15 | EA58: 1e+15 | EB58: 1e+15 | EC58: 1e+15 | ED58: 1e+15 | EE58: 1e+15 | EF58: 1e+15 | EG58: 1e+15 | EH58: 1e+15 | EI58: 1e+15 | EJ58: 1e+15 | EK58: 1e+15 | EL58: 1e+15 | EM58: 1e+15 | EN58: 1e+15 | EO58: 1e+15 | EP58: 1e+15 | EQ58: 1e+15 | ER58: 1e+15 | ES58: 1e+15 | ET58: 1e+15 | EU58: 1e+15 | EV58: 1e+15 | EW58: 1e+15 | EX58: 1e+15
A59: Unit cost | C59: $/person | F59: OR | G59: 0 | H59: 0 | I59: 0 | J59: 0 | K59: 0 | L59: 0 | M59: 0 | N59: 0 | O59: 0 | P59: 0 | Q59: 0 | R59: 0 | S59: 0 | T59: 0 | U59: 0 | V59: 0 | W59: 0 | X59: 0 | Y59: 0 | Z59: 0 | AA59: 0 | AB59: 0 | AC59: 0 | AD59: 0 | AE59: 0 | AF59: 0 | AG59: 0 | AH59: 0 | AI59: 0 | AJ59: 0 | AK59: 0 | AL59: 0 | AM59: 0 | AN59: 0 | AO59: 0 | AP59: 0 | AQ59: 0 | AR59: 0 | AS59: 0 | AT59: 0 | AU59: 0 | AV59: 0 | AW59: 0 | AX59: 0 | AY59: 0 | AZ59: 0 | BA59: 0 | BB59: 0 | BC59: 0 | BD59: 0 | BE59: 0 | BF59: 0 | BG59: 0 | BH59: 0 | BI59: 0 | BJ59: 0 | BK59: 0 | BL59: 0 | BM59: 0 | BN59: 0 | BO59: 0 | BP59: 0 | BQ59: 0 | BR59: 0 | BS59: 0 | BT59: 0 | BU59: 0 | BV59: 0 | BW59: 0 | BX59: 0 | BY59: 0 | BZ59: 0 | CA59: 0 | CB59: 0 | CC59: 0 | CD59: 0 | CE59: 0 | CF59: 0 | CG59: 0 | CH59: 0 | CI59: 0 | CJ59: 0 | CK59: 0 | CL59: 0 | CM59: 0 | CN59: 0 | CO59: 0 | CP59: 0 | CQ59: 0 | CR59: 0 | CS59: 0 | CT59: 0 | CU59: 0 | CV59: 0 | CW59: 0 | CX59: 0 | CY59: 0 | CZ59: 0 | DA59: 0 | DB59: 0 | DC59: 0 | DD59: 0 | DE59: 0 | DF59: 0 | DG59: 0 | DH59: 0 | DI59: 0 | DJ59: 0 | DK59: 0 | DL59: 0 | DM59: 0 | DN59: 0 | DO59: 0 | DP59: 0 | DQ59: 0 | DR59: 0 | DS59: 0 | DT59: 0 | DU59: 0 | DV59: 0 | DW59: 0 | DX59: 0 | DY59: 0 | DZ59: 0 | EA59: 0 | EB59: 0 | EC59: 0 | ED59: 0 | EE59: 0 | EF59: 0 | EG59: 0 | EH59: 0 | EI59: 0 | EJ59: 0 | EK59: 0 | EL59: 0 | EM59: 0 | EN59: 0 | EO59: 0 | EP59: 0 | EQ59: 0 | ER59: 0 | ES59: 0 | ET59: 0 | EU59: 0 | EV59: 0 | EW59: 0 | EX59: 0
A60: Capacity constraint | C60: people/year | F60: OR
A61: Saturation | C61: N.A. | F61: OR
A62: Coverage | C62: people/year | E62: 100000 | F62: OR
A64: ='Program targeting'!$B$12 -> soc_iron_tablets_severe_second_trimester_an_hm | B64: Provenance | C64: Units | D64: Uncertainty | E64: Assumption | G64: 2015 | H64: 2015.25 | I64: 2015.5 | J64: 2015.75 | K64: 2016 | L64: 2016.25 | M64: 2016.5 | N64: 2016.75 | O64: 2017 | P64: 2017.25 | Q64: 2017.5 | R64: 2017.75 | S64: 2018 | T64: 2018.25 | U64: 2018.5 | V64: 2018.75 | W64: 2019 | X64: 2019.25 | Y64: 2019.5 | Z64: 2019.75 | AA64: 2020 | AB64: 2020.25 | AC64: 2020.5 | AD64: 2020.75 | AE64: 2021 | AF64: 2021.25 | AG64: 2021.5 | AH64: 2021.75 | AI64: 2022 | AJ64: 2022.25 | AK64: 2022.5 | AL64: 2022.75 | AM64: 2023 | AN64: 2023.25 | AO64: 2023.5 | AP64: 2023.75 | AQ64: 2024 | AR64: 2024.25 | AS64: 2024.5 | AT64: 2024.75 | AU64: 2025 | AV64: 2025.25 | AW64: 2025.5 | AX64: 2025.75 | AY64: 2026 | AZ64: 2026.25 | BA64: 2026.5 | BB64: 2026.75 | BC64: 2027 | BD64: 2027.25 | BE64: 2027.5 | BF64: 2027.75 | BG64: 2028 | BH64: 2028.25 | BI64: 2028.5 | BJ64: 2028.75 | BK64: 2029 | BL64: 2029.25 | BM64: 2029.5 | BN64: 2029.75 | BO64: 2030 | BP64: 2030.25 | BQ64: 2030.5 | BR64: 2030.75 | BS64: 2031 | BT64: 2031.25 | BU64: 2031.5 | BV64: 2031.75 | BW64: 2032 | BX64: 2032.25 | BY64: 2032.5 | BZ64: 2032.75 | CA64: 2033 | CB64: 2033.25 | CC64: 2033.5 | CD64: 2033.75 | CE64: 2034 | CF64: 2034.25 | CG64: 2034.5 | CH64: 2034.75 | CI64: 2035 | CJ64: 2035.25 | CK64: 2035.5 | CL64: 2035.75 | CM64: 2036 | CN64: 2036.25 | CO64: 2036.5 | CP64: 2036.75 | CQ64: 2037 | CR64: 2037.25 | CS64: 2037.5 | CT64: 2037.75 | CU64: 2038 | CV64: 2038.25 | CW64: 2038.5 | CX64: 2038.75 | CY64: 2039 | CZ64: 2039.25 | DA64: 2039.5 | DB64: 2039.75 | DC64: 2040 | DD64: 2040.25 | DE64: 2040.5 | DF64: 2040.75 | DG64: 2041 | DH64: 2041.25 | DI64: 2041.5 | DJ64: 2041.75 | DK64: 2042 | DL64: 2042.25 | DM64: 2042.5 | DN64: 2042.75 | DO64: 2043 | DP64: 2043.25 | DQ64: 2043.5 | DR64: 2043.75 | DS64: 2044 | DT64: 2044.25 | DU64: 2044.5 | DV64: 2044.75 | DW64: 2045 | DX64: 2045.25 | DY64: 2045.5 | DZ64: 2045.75 | EA64: 2046 | EB64: 2046.25 | EC64: 2046.5 | ED64: 2046.75 | EE64: 2047 | EF64: 2047.25 | EG64: 2047.5 | EH64: 2047.75 | EI64: 2048 | EJ64: 2048.25 | EK64: 2048.5 | EL64: 2048.75 | EM64: 2049 | EN64: 2049.25 | EO64: 2049.5 | EP64: 2049.75 | EQ64: 2050 | ER64: 2050.25 | ES64: 2050.5 | ET64: 2050.75 | EU64: 2051 | EV64: 2051.25 | EW64: 2051.5 | EX64: 2051.75
A65: Annual spend | C65: $/year | F65: OR | G65: 1e+15 | H65: 1e+15 | I65: 1e+15 | J65: 1e+15 | K65: 1e+15 | L65: 1e+15 | M65: 1e+15 | N65: 1e+15 | O65: 1e+15 | P65: 1e+15 | Q65: 1e+15 | R65: 1e+15 | S65: 1e+15 | T65: 1e+15 | U65: 1e+15 | V65: 1e+15 | W65: 1e+15 | X65: 1e+15 | Y65: 1e+15 | Z65: 1e+15 | AA65: 1e+15 | AB65: 1e+15 | AC65: 1e+15 | AD65: 1e+15 | AE65: 1e+15 | AF65: 1e+15 | AG65: 1e+15 | AH65: 1e+15 | AI65: 1e+15 | AJ65: 1e+15 | AK65: 1e+15 | AL65: 1e+15 | AM65: 1e+15 | AN65: 1e+15 | AO65: 1e+15 | AP65: 1e+15 | AQ65: 1e+15 | AR65: 1e+15 | AS65: 1e+15 | AT65: 1e+15 | AU65: 1e+15 | AV65: 1e+15 | AW65: 1e+15 | AX65: 1e+15 | AY65: 1e+15 | AZ65: 1e+15 | BA65: 1e+15 | BB65: 1e+15 | BC65: 1e+15 | BD65: 1e+15 | BE65: 1e+15 | BF65: 1e+15 | BG65: 1e+15 | BH65: 1e+15 | BI65: 1e+15 | BJ65: 1e+15 | BK65: 1e+15 | BL65: 1e+15 | BM65: 1e+15 | BN65: 1e+15 | BO65: 1e+15 | BP65: 1e+15 | BQ65: 1e+15 | BR65: 1e+15 | BS65: 1e+15 | BT65: 1e+15 | BU65: 1e+15 | BV65: 1e+15 | BW65: 1e+15 | BX65: 1e+15 | BY65: 1e+15 | BZ65: 1e+15 | CA65: 1e+15 | CB65: 1e+15 | CC65: 1e+15 | CD65: 1e+15 | CE65: 1e+15 | CF65: 1e+15 | CG65: 1e+15 | CH65: 1e+15 | CI65: 1e+15 | CJ65: 1e+15 | CK65: 1e+15 | CL65: 1e+15 | CM65: 1e+15 | CN65: 1e+15 | CO65: 1e+15 | CP65: 1e+15 | CQ65: 1e+15 | CR65: 1e+15 | CS65: 1e+15 | CT65: 1e+15 | CU65: 1e+15 | CV65: 1e+15 | CW65: 1e+15 | CX65: 1e+15 | CY65: 1e+15 | CZ65: 1e+15 | DA65: 1e+15 | DB65: 1e+15 | DC65: 1e+15 | DD65: 1e+15 | DE65: 1e+15 | DF65: 1e+15 | DG65: 1e+15 | DH65: 1e+15 | DI65: 1e+15 | DJ65: 1e+15 | DK65: 1e+15 | DL65: 1e+15 | DM65: 1e+15 | DN65: 1e+15 | DO65: 1e+15 | DP65: 1e+15 | DQ65: 1e+15 | DR65: 1e+15 | DS65: 1e+15 | DT65: 1e+15 | DU65: 1e+15 | DV65: 1e+15 | DW65: 1e+15 | DX65: 1e+15 | DY65: 1e+15 | DZ65: 1e+15 | EA65: 1e+15 | EB65: 1e+15 | EC65: 1e+15 | ED65: 1e+15 | EE65: 1e+15 | EF65: 1e+15 | EG65: 1e+15 | EH65: 1e+15 | EI65: 1e+15 | EJ65: 1e+15 | EK65: 1e+15 | EL65: 1e+15 | EM65: 1e+15 | EN65: 1e+15 | EO65: 1e+15 | EP65: 1e+15 | EQ65: 1e+15 | ER65: 1e+15 | ES65: 1e+15 | ET65: 1e+15 | EU65: 1e+15 | EV65: 1e+15 | EW65: 1e+15 | EX65: 1e+15
A66: Unit cost | C66: $/person | F66: OR | G66: 6.2864164 | H66: 6.2864164 | I66: 6.2864164 | J66: 6.2864164 | K66: 6.2864164 | L66: 6.2864164 | M66: 6.2864164 | N66: 6.2864164 | O66: 6.2864164 | P66: 6.2864164 | Q66: 6.2864164 | R66: 6.2864164 | S66: 6.2864164 | T66: 6.2864164 | U66: 6.2864164 | V66: 6.2864164 | W66: 6.2864164 | X66: 6.2864164 | Y66: 6.2864164 | Z66: 6.2864164 | AA66: 6.2864164 | AB66: 6.2864164 | AC66: 6.2864164 | AD66: 6.2864164 | AE66: 6.2864164 | AF66: 6.2864164 | AG66: 6.2864164 | AH66: 6.2864164 | AI66: 6.2864164 | AJ66: 6.2864164 | AK66: 6.2864164 | AL66: 6.2864164 | AM66: 6.2864164 | AN66: 6.2864164 | AO66: 6.2864164 | AP66: 6.2864164 | AQ66: 6.2864164 | AR66: 6.2864164 | AS66: 6.2864164 | AT66: 6.2864164 | AU66: 6.2864164 | AV66: 6.2864164 | AW66: 6.2864164 | AX66: 6.2864164 | AY66: 6.2864164 | AZ66: 6.2864164 | BA66: 6.2864164 | BB66: 6.2864164 | BC66: 6.2864164 | BD66: 6.2864164 | BE66: 6.2864164 | BF66: 6.2864164 | BG66: 6.2864164 | BH66: 6.2864164 | BI66: 6.2864164 | BJ66: 6.2864164 | BK66: 6.2864164 | BL66: 6.2864164 | BM66: 6.2864164 | BN66: 6.2864164 | BO66: 6.2864164 | BP66: 6.2864164 | BQ66: 6.2864164 | BR66: 6.2864164 | BS66: 6.2864164 | BT66: 6.2864164 | BU66: 6.2864164 | BV66: 6.2864164 | BW66: 6.2864164 | BX66: 6.2864164 | BY66: 6.2864164 | BZ66: 6.2864164 | CA66: 6.2864164 | CB66: 6.2864164 | CC66: 6.2864164 | CD66: 6.2864164 | CE66: 6.2864164 | CF66: 6.2864164 | CG66: 6.2864164 | CH66: 6.2864164 | CI66: 6.2864164 | CJ66: 6.2864164 | CK66: 6.2864164 | CL66: 6.2864164 | CM66: 6.2864164 | CN66: 6.2864164 | CO66: 6.2864164 | CP66: 6.2864164 | CQ66: 6.2864164 | CR66: 6.2864164 | CS66: 6.2864164 | CT66: 6.2864164 | CU66: 6.2864164 | CV66: 6.2864164 | CW66: 6.2864164 | CX66: 6.2864164 | CY66: 6.2864164 | CZ66: 6.2864164 | DA66: 6.2864164 | DB66: 6.2864164 | DC66: 6.2864164 | DD66: 6.2864164 | DE66: 6.2864164 | DF66: 6.2864164 | DG66: 6.2864164 | DH66: 6.2864164 | DI66: 6.2864164 | DJ66: 6.2864164 | DK66: 6.2864164 | DL66: 6.2864164 | DM66: 6.2864164 | DN66: 6.2864164 | DO66: 6.2864164 | DP66: 6.2864164 | DQ66: 6.2864164 | DR66: 6.2864164 | DS66: 6.2864164 | DT66: 6.2864164 | DU66: 6.2864164 | DV66: 6.2864164 | DW66: 6.2864164 | DX66: 6.2864164 | DY66: 6.2864164 | DZ66: 6.2864164 | EA66: 6.2864164 | EB66: 6.2864164 | EC66: 6.2864164 | ED66: 6.2864164 | EE66: 6.2864164 | EF66: 6.2864164 | EG66: 6.2864164 | EH66: 6.2864164 | EI66: 6.2864164 | EJ66: 6.2864164 | EK66: 6.2864164 | EL66: 6.2864164 | EM66: 6.2864164 | EN66: 6.2864164 | EO66: 6.2864164 | EP66: 6.2864164 | EQ66: 6.2864164 | ER66: 6.2864164 | ES66: 6.2864164 | ET66: 6.2864164 | EU66: 6.2864164 | EV66: 6.2864164 | EW66: 6.2864164 | EX66: 6.2864164
A67: Capacity constraint | C67: people/year | F67: OR
A68: Saturation | C68: N.A. | F68: OR
A69: Coverage | C69: people/year | E69: 100000 | F69: OR
A71: ='Program targeting'!$B$13 -> noninvasive_hb_diagnostic_first_trimester_an_hm | B71: Provenance | C71: Units | D71: Uncertainty | E71: Assumption | G71: 2015 | H71: 2015.25 | I71: 2015.5 | J71: 2015.75 | K71: 2016 | L71: 2016.25 | M71: 2016.5 | N71: 2016.75 | O71: 2017 | P71: 2017.25 | Q71: 2017.5 | R71: 2017.75 | S71: 2018 | T71: 2018.25 | U71: 2018.5 | V71: 2018.75 | W71: 2019 | X71: 2019.25 | Y71: 2019.5 | Z71: 2019.75 | AA71: 2020 | AB71: 2020.25 | AC71: 2020.5 | AD71: 2020.75 | AE71: 2021 | AF71: 2021.25 | AG71: 2021.5 | AH71: 2021.75 | AI71: 2022 | AJ71: 2022.25 | AK71: 2022.5 | AL71: 2022.75 | AM71: 2023 | AN71: 2023.25 | AO71: 2023.5 | AP71: 2023.75 | AQ71: 2024 | AR71: 2024.25 | AS71: 2024.5 | AT71: 2024.75 | AU71: 2025 | AV71: 2025.25 | AW71: 2025.5 | AX71: 2025.75 | AY71: 2026 | AZ71: 2026.25 | BA71: 2026.5 | BB71: 2026.75 | BC71: 2027 | BD71: 2027.25 | BE71: 2027.5 | BF71: 2027.75 | BG71: 2028 | BH71: 2028.25 | BI71: 2028.5 | BJ71: 2028.75 | BK71: 2029 | BL71: 2029.25 | BM71: 2029.5 | BN71: 2029.75 | BO71: 2030 | BP71: 2030.25 | BQ71: 2030.5 | BR71: 2030.75 | BS71: 2031 | BT71: 2031.25 | BU71: 2031.5 | BV71: 2031.75 | BW71: 2032 | BX71: 2032.25 | BY71: 2032.5 | BZ71: 2032.75 | CA71: 2033 | CB71: 2033.25 | CC71: 2033.5 | CD71: 2033.75 | CE71: 2034 | CF71: 2034.25 | CG71: 2034.5 | CH71: 2034.75 | CI71: 2035 | CJ71: 2035.25 | CK71: 2035.5 | CL71: 2035.75 | CM71: 2036 | CN71: 2036.25 | CO71: 2036.5 | CP71: 2036.75 | CQ71: 2037 | CR71: 2037.25 | CS71: 2037.5 | CT71: 2037.75 | CU71: 2038 | CV71: 2038.25 | CW71: 2038.5 | CX71: 2038.75 | CY71: 2039 | CZ71: 2039.25 | DA71: 2039.5 | DB71: 2039.75 | DC71: 2040 | DD71: 2040.25 | DE71: 2040.5 | DF71: 2040.75 | DG71: 2041 | DH71: 2041.25 | DI71: 2041.5 | DJ71: 2041.75 | DK71: 2042 | DL71: 2042.25 | DM71: 2042.5 | DN71: 2042.75 | DO71: 2043 | DP71: 2043.25 | DQ71: 2043.5 | DR71: 2043.75 | DS71: 2044 | DT71: 2044.25 | DU71: 2044.5 | DV71: 2044.75 | DW71: 2045 | DX71: 2045.25 | DY71: 2045.5 | DZ71: 2045.75 | EA71: 2046 | EB71: 2046.25 | EC71: 2046.5 | ED71: 2046.75 | EE71: 2047 | EF71: 2047.25 | EG71: 2047.5 | EH71: 2047.75 | EI71: 2048 | EJ71: 2048.25 | EK71: 2048.5 | EL71: 2048.75 | EM71: 2049 | EN71: 2049.25 | EO71: 2049.5 | EP71: 2049.75 | EQ71: 2050 | ER71: 2050.25 | ES71: 2050.5 | ET71: 2050.75 | EU71: 2051 | EV71: 2051.25 | EW71: 2051.5 | EX71: 2051.75
A72: Annual spend | C72: $/year | F72: OR | G72: 0 | H72: 0 | I72: 0 | J72: 0 | K72: 0 | L72: 0 | M72: 0 | N72: 0 | O72: 0 | P72: 0 | Q72: 0 | R72: 0 | S72: 0 | T72: 0 | U72: 0 | V72: 0 | W72: 0 | X72: 0 | Y72: 0 | Z72: 0 | AA72: 0 | AB72: 0 | AC72: 0 | AD72: 0 | AE72: 0 | AF72: 0 | AG72: 0 | AH72: 0 | AI72: 0 | AJ72: 0 | AK72: 0 | AL72: 0 | AM72: 0 | AN72: 0 | AO72: 0 | AP72: 0 | AQ72: 0 | AR72: 0 | AS72: 0 | AT72: 0 | AU72: 1e+15 | AV72: 1e+15 | AW72: 1e+15 | AX72: 1e+15 | AY72: 1e+15 | AZ72: 1e+15 | BA72: 1e+15 | BB72: 1e+15 | BC72: 1e+15 | BD72: 1e+15 | BE72: 1e+15 | BF72: 1e+15 | BG72: 1e+15 | BH72: 1e+15 | BI72: 1e+15 | BJ72: 1e+15 | BK72: 1e+15 | BL72: 1e+15 | BM72: 1e+15 | BN72: 1e+15 | BO72: 1e+15 | BP72: 1e+15 | BQ72: 1e+15 | BR72: 1e+15 | BS72: 1e+15 | BT72: 1e+15 | BU72: 1e+15 | BV72: 1e+15 | BW72: 1e+15 | BX72: 1e+15 | BY72: 1e+15 | BZ72: 1e+15 | CA72: 1e+15 | CB72: 1e+15 | CC72: 1e+15 | CD72: 1e+15 | CE72: 1e+15 | CF72: 1e+15 | CG72: 1e+15 | CH72: 1e+15 | CI72: 1e+15 | CJ72: 1e+15 | CK72: 1e+15 | CL72: 1e+15 | CM72: 1e+15 | CN72: 1e+15 | CO72: 1e+15 | CP72: 1e+15 | CQ72: 1e+15 | CR72: 1e+15 | CS72: 1e+15 | CT72: 1e+15 | CU72: 1e+15 | CV72: 1e+15 | CW72: 1e+15 | CX72: 1e+15 | CY72: 1e+15 | CZ72: 1e+15 | DA72: 1e+15 | DB72: 1e+15 | DC72: 1e+15 | DD72: 1e+15 | DE72: 1e+15 | DF72: 1e+15 | DG72: 1e+15 | DH72: 1e+15 | DI72: 1e+15 | DJ72: 1e+15 | DK72: 1e+15 | DL72: 1e+15 | DM72: 1e+15 | DN72: 1e+15 | DO72: 1e+15 | DP72: 1e+15 | DQ72: 1e+15 | DR72: 1e+15 | DS72: 1e+15 | DT72: 1e+15 | DU72: 1e+15 | DV72: 1e+15 | DW72: 1e+15 | DX72: 1e+15 | DY72: 1e+15 | DZ72: 1e+15 | EA72: 1e+15 | EB72: 1e+15 | EC72: 1e+15 | ED72: 1e+15 | EE72: 1e+15 | EF72: 1e+15 | EG72: 1e+15 | EH72: 1e+15 | EI72: 1e+15 | EJ72: 1e+15 | EK72: 1e+15 | EL72: 1e+15 | EM72: 1e+15 | EN72: 1e+15 | EO72: 1e+15 | EP72: 1e+15 | EQ72: 1e+15 | ER72: 1e+15 | ES72: 1e+15 | ET72: 1e+15 | EU72: 1e+15 | EV72: 1e+15 | EW72: 1e+15 | EX72: 1e+15
A73: Unit cost | C73: $/person | F73: OR | G73: 2.8436562 | H73: 2.8436562 | I73: 2.8436562 | J73: 2.8436562 | K73: 2.8436562 | L73: 2.8436562 | M73: 2.8436562 | N73: 2.8436562 | O73: 2.8436562 | P73: 2.8436562 | Q73: 2.8436562 | R73: 2.8436562 | S73: 2.8436562 | T73: 2.8436562 | U73: 2.8436562 | V73: 2.8436562 | W73: 2.8436562 | X73: 2.8436562 | Y73: 2.8436562 | Z73: 2.8436562 | AA73: 2.8436562 | AB73: 2.8436562 | AC73: 2.8436562 | AD73: 2.8436562 | AE73: 2.8436562 | AF73: 2.8436562 | AG73: 2.8436562 | AH73: 2.8436562 | AI73: 2.8436562 | AJ73: 2.8436562 | AK73: 2.8436562 | AL73: 2.8436562 | AM73: 2.8436562 | AN73: 2.8436562 | AO73: 2.8436562 | AP73: 2.8436562 | AQ73: 2.8436562 | AR73: 2.8436562 | AS73: 2.8436562 | AT73: 2.8436562 | AU73: 2.8436562 | AV73: 2.8436562 | AW73: 2.8436562 | AX73: 2.8436562 | AY73: 2.8436562 | AZ73: 2.8436562 | BA73: 2.8436562 | BB73: 2.8436562 | BC73: 2.8436562 | BD73: 2.8436562 | BE73: 2.8436562 | BF73: 2.8436562 | BG73: 2.8436562 | BH73: 2.8436562 | BI73: 2.8436562 | BJ73: 2.8436562 | BK73: 2.8436562 | BL73: 2.8436562 | BM73: 2.8436562 | BN73: 2.8436562 | BO73: 2.8436562 | BP73: 2.8436562 | BQ73: 2.8436562 | BR73: 2.8436562 | BS73: 2.8436562 | BT73: 2.8436562 | BU73: 2.8436562 | BV73: 2.8436562 | BW73: 2.8436562 | BX73: 2.8436562 | BY73: 2.8436562 | BZ73: 2.8436562 | CA73: 2.8436562 | CB73: 2.8436562 | CC73: 2.8436562 | CD73: 2.8436562 | CE73: 2.8436562 | CF73: 2.8436562 | CG73: 2.8436562 | CH73: 2.8436562 | CI73: 2.8436562 | CJ73: 2.8436562 | CK73: 2.8436562 | CL73: 2.8436562 | CM73: 2.8436562 | CN73: 2.8436562 | CO73: 2.8436562 | CP73: 2.8436562 | CQ73: 2.8436562 | CR73: 2.8436562 | CS73: 2.8436562 | CT73: 2.8436562 | CU73: 2.8436562 | CV73: 2.8436562 | CW73: 2.8436562 | CX73: 2.8436562 | CY73: 2.8436562 | CZ73: 2.8436562 | DA73: 2.8436562 | DB73: 2.8436562 | DC73: 2.8436562 | DD73: 2.8436562 | DE73: 2.8436562 | DF73: 2.8436562 | DG73: 2.8436562 | DH73: 2.8436562 | DI73: 2.8436562 | DJ73: 2.8436562 | DK73: 2.8436562 | DL73: 2.8436562 | DM73: 2.8436562 | DN73: 2.8436562 | DO73: 2.8436562 | DP73: 2.8436562 | DQ73: 2.8436562 | DR73: 2.8436562 | DS73: 2.8436562 | DT73: 2.8436562 | DU73: 2.8436562 | DV73: 2.8436562 | DW73: 2.8436562 | DX73: 2.8436562 | DY73: 2.8436562 | DZ73: 2.8436562 | EA73: 2.8436562 | EB73: 2.8436562 | EC73: 2.8436562 | ED73: 2.8436562 | EE73: 2.8436562 | EF73: 2.8436562 | EG73: 2.8436562 | EH73: 2.8436562 | EI73: 2.8436562 | EJ73: 2.8436562 | EK73: 2.8436562 | EL73: 2.8436562 | EM73: 2.8436562 | EN73: 2.8436562 | EO73: 2.8436562 | EP73: 2.8436562 | EQ73: 2.8436562 | ER73: 2.8436562 | ES73: 2.8436562 | ET73: 2.8436562 | EU73: 2.8436562 | EV73: 2.8436562 | EW73: 2.8436562 | EX73: 2.8436562
A74: Capacity constraint | C74: people/year | F74: OR
A75: Saturation | C75: N.A. | F75: OR
A76: Coverage | C76: people/year | E76: 100000 | F76: OR
A78: ='Program targeting'!$B$14 -> noninvasive_hb_diagnostic_second_trimester_an_hm | B78: Provenance | C78: Units | D78: Uncertainty | E78: Assumption | G78: 2015 | H78: 2015.25 | I78: 2015.5 | J78: 2015.75 | K78: 2016 | L78: 2016.25 | M78: 2016.5 | N78: 2016.75 | O78: 2017 | P78: 2017.25 | Q78: 2017.5 | R78: 2017.75 | S78: 2018 | T78: 2018.25 | U78: 2018.5 | V78: 2018.75 | W78: 2019 | X78: 2019.25 | Y78: 2019.5 | Z78: 2019.75 | AA78: 2020 | AB78: 2020.25 | AC78: 2020.5 | AD78: 2020.75 | AE78: 2021 | AF78: 2021.25 | AG78: 2021.5 | AH78: 2021.75 | AI78: 2022 | AJ78: 2022.25 | AK78: 2022.5 | AL78: 2022.75 | AM78: 2023 | AN78: 2023.25 | AO78: 2023.5 | AP78: 2023.75 | AQ78: 2024 | AR78: 2024.25 | AS78: 2024.5 | AT78: 2024.75 | AU78: 2025 | AV78: 2025.25 | AW78: 2025.5 | AX78: 2025.75 | AY78: 2026 | AZ78: 2026.25 | BA78: 2026.5 | BB78: 2026.75 | BC78: 2027 | BD78: 2027.25 | BE78: 2027.5 | BF78: 2027.75 | BG78: 2028 | BH78: 2028.25 | BI78: 2028.5 | BJ78: 2028.75 | BK78: 2029 | BL78: 2029.25 | BM78: 2029.5 | BN78: 2029.75 | BO78: 2030 | BP78: 2030.25 | BQ78: 2030.5 | BR78: 2030.75 | BS78: 2031 | BT78: 2031.25 | BU78: 2031.5 | BV78: 2031.75 | BW78: 2032 | BX78: 2032.25 | BY78: 2032.5 | BZ78: 2032.75 | CA78: 2033 | CB78: 2033.25 | CC78: 2033.5 | CD78: 2033.75 | CE78: 2034 | CF78: 2034.25 | CG78: 2034.5 | CH78: 2034.75 | CI78: 2035 | CJ78: 2035.25 | CK78: 2035.5 | CL78: 2035.75 | CM78: 2036 | CN78: 2036.25 | CO78: 2036.5 | CP78: 2036.75 | CQ78: 2037 | CR78: 2037.25 | CS78: 2037.5 | CT78: 2037.75 | CU78: 2038 | CV78: 2038.25 | CW78: 2038.5 | CX78: 2038.75 | CY78: 2039 | CZ78: 2039.25 | DA78: 2039.5 | DB78: 2039.75 | DC78: 2040 | DD78: 2040.25 | DE78: 2040.5 | DF78: 2040.75 | DG78: 2041 | DH78: 2041.25 | DI78: 2041.5 | DJ78: 2041.75 | DK78: 2042 | DL78: 2042.25 | DM78: 2042.5 | DN78: 2042.75 | DO78: 2043 | DP78: 2043.25 | DQ78: 2043.5 | DR78: 2043.75 | DS78: 2044 | DT78: 2044.25 | DU78: 2044.5 | DV78: 2044.75 | DW78: 2045 | DX78: 2045.25 | DY78: 2045.5 | DZ78: 2045.75 | EA78: 2046 | EB78: 2046.25 | EC78: 2046.5 | ED78: 2046.75 | EE78: 2047 | EF78: 2047.25 | EG78: 2047.5 | EH78: 2047.75 | EI78: 2048 | EJ78: 2048.25 | EK78: 2048.5 | EL78: 2048.75 | EM78: 2049 | EN78: 2049.25 | EO78: 2049.5 | EP78: 2049.75 | EQ78: 2050 | ER78: 2050.25 | ES78: 2050.5 | ET78: 2050.75 | EU78: 2051 | EV78: 2051.25 | EW78: 2051.5 | EX78: 2051.75
A79: Annual spend | C79: $/year | F79: OR | G79: 0 | H79: 0 | I79: 0 | J79: 0 | K79: 0 | L79: 0 | M79: 0 | N79: 0 | O79: 0 | P79: 0 | Q79: 0 | R79: 0 | S79: 0 | T79: 0 | U79: 0 | V79: 0 | W79: 0 | X79: 0 | Y79: 0 | Z79: 0 | AA79: 0 | AB79: 0 | AC79: 0 | AD79: 0 | AE79: 0 | AF79: 0 | AG79: 0 | AH79: 0 | AI79: 0 | AJ79: 0 | AK79: 0 | AL79: 0 | AM79: 0 | AN79: 0 | AO79: 0 | AP79: 0 | AQ79: 0 | AR79: 0 | AS79: 0 | AT79: 0 | AU79: 1e+15 | AV79: 1e+15 | AW79: 1e+15 | AX79: 1e+15 | AY79: 1e+15 | AZ79: 1e+15 | BA79: 1e+15 | BB79: 1e+15 | BC79: 1e+15 | BD79: 1e+15 | BE79: 1e+15 | BF79: 1e+15 | BG79: 1e+15 | BH79: 1e+15 | BI79: 1e+15 | BJ79: 1e+15 | BK79: 1e+15 | BL79: 1e+15 | BM79: 1e+15 | BN79: 1e+15 | BO79: 1e+15 | BP79: 1e+15 | BQ79: 1e+15 | BR79: 1e+15 | BS79: 1e+15 | BT79: 1e+15 | BU79: 1e+15 | BV79: 1e+15 | BW79: 1e+15 | BX79: 1e+15 | BY79: 1e+15 | BZ79: 1e+15 | CA79: 1e+15 | CB79: 1e+15 | CC79: 1e+15 | CD79: 1e+15 | CE79: 1e+15 | CF79: 1e+15 | CG79: 1e+15 | CH79: 1e+15 | CI79: 1e+15 | CJ79: 1e+15 | CK79: 1e+15 | CL79: 1e+15 | CM79: 1e+15 | CN79: 1e+15 | CO79: 1e+15 | CP79: 1e+15 | CQ79: 1e+15 | CR79: 1e+15 | CS79: 1e+15 | CT79: 1e+15 | CU79: 1e+15 | CV79: 1e+15 | CW79: 1e+15 | CX79: 1e+15 | CY79: 1e+15 | CZ79: 1e+15 | DA79: 1e+15 | DB79: 1e+15 | DC79: 1e+15 | DD79: 1e+15 | DE79: 1e+15 | DF79: 1e+15 | DG79: 1e+15 | DH79: 1e+15 | DI79: 1e+15 | DJ79: 1e+15 | DK79: 1e+15 | DL79: 1e+15 | DM79: 1e+15 | DN79: 1e+15 | DO79: 1e+15 | DP79: 1e+15 | DQ79: 1e+15 | DR79: 1e+15 | DS79: 1e+15 | DT79: 1e+15 | DU79: 1e+15 | DV79: 1e+15 | DW79: 1e+15 | DX79: 1e+15 | DY79: 1e+15 | DZ79: 1e+15 | EA79: 1e+15 | EB79: 1e+15 | EC79: 1e+15 | ED79: 1e+15 | EE79: 1e+15 | EF79: 1e+15 | EG79: 1e+15 | EH79: 1e+15 | EI79: 1e+15 | EJ79: 1e+15 | EK79: 1e+15 | EL79: 1e+15 | EM79: 1e+15 | EN79: 1e+15 | EO79: 1e+15 | EP79: 1e+15 | EQ79: 1e+15 | ER79: 1e+15 | ES79: 1e+15 | ET79: 1e+15 | EU79: 1e+15 | EV79: 1e+15 | EW79: 1e+15 | EX79: 1e+15
A80: Unit cost | C80: $/person | F80: OR | G80: 2.8436562 | H80: 2.8436562 | I80: 2.8436562 | J80: 2.8436562 | K80: 2.8436562 | L80: 2.8436562 | M80: 2.8436562 | N80: 2.8436562 | O80: 2.8436562 | P80: 2.8436562 | Q80: 2.8436562 | R80: 2.8436562 | S80: 2.8436562 | T80: 2.8436562 | U80: 2.8436562 | V80: 2.8436562 | W80: 2.8436562 | X80: 2.8436562 | Y80: 2.8436562 | Z80: 2.8436562 | AA80: 2.8436562 | AB80: 2.8436562 | AC80: 2.8436562 | AD80: 2.8436562 | AE80: 2.8436562 | AF80: 2.8436562 | AG80: 2.8436562 | AH80: 2.8436562 | AI80: 2.8436562 | AJ80: 2.8436562 | AK80: 2.8436562 | AL80: 2.8436562 | AM80: 2.8436562 | AN80: 2.8436562 | AO80: 2.8436562 | AP80: 2.8436562 | AQ80: 2.8436562 | AR80: 2.8436562 | AS80: 2.8436562 | AT80: 2.8436562 | AU80: 2.8436562 | AV80: 2.8436562 | AW80: 2.8436562 | AX80: 2.8436562 | AY80: 2.8436562 | AZ80: 2.8436562 | BA80: 2.8436562 | BB80: 2.8436562 | BC80: 2.8436562 | BD80: 2.8436562 | BE80: 2.8436562 | BF80: 2.8436562 | BG80: 2.8436562 | BH80: 2.8436562 | BI80: 2.8436562 | BJ80: 2.8436562 | BK80: 2.8436562 | BL80: 2.8436562 | BM80: 2.8436562 | BN80: 2.8436562 | BO80: 2.8436562 | BP80: 2.8436562 | BQ80: 2.8436562 | BR80: 2.8436562 | BS80: 2.8436562 | BT80: 2.8436562 | BU80: 2.8436562 | BV80: 2.8436562 | BW80: 2.8436562 | BX80: 2.8436562 | BY80: 2.8436562 | BZ80: 2.8436562 | CA80: 2.8436562 | CB80: 2.8436562 | CC80: 2.8436562 | CD80: 2.8436562 | CE80: 2.8436562 | CF80: 2.8436562 | CG80: 2.8436562 | CH80: 2.8436562 | CI80: 2.8436562 | CJ80: 2.8436562 | CK80: 2.8436562 | CL80: 2.8436562 | CM80: 2.8436562 | CN80: 2.8436562 | CO80: 2.8436562 | CP80: 2.8436562 | CQ80: 2.8436562 | CR80: 2.8436562 | CS80: 2.8436562 | CT80: 2.8436562 | CU80: 2.8436562 | CV80: 2.8436562 | CW80: 2.8436562 | CX80: 2.8436562 | CY80: 2.8436562 | CZ80: 2.8436562 | DA80: 2.8436562 | DB80: 2.8436562 | DC80: 2.8436562 | DD80: 2.8436562 | DE80: 2.8436562 | DF80: 2.8436562 | DG80: 2.8436562 | DH80: 2.8436562 | DI80: 2.8436562 | DJ80: 2.8436562 | DK80: 2.8436562 | DL80: 2.8436562 | DM80: 2.8436562 | DN80: 2.8436562 | DO80: 2.8436562 | DP80: 2.8436562 | DQ80: 2.8436562 | DR80: 2.8436562 | DS80: 2.8436562 | DT80: 2.8436562 | DU80: 2.8436562 | DV80: 2.8436562 | DW80: 2.8436562 | DX80: 2.8436562 | DY80: 2.8436562 | DZ80: 2.8436562 | EA80: 2.8436562 | EB80: 2.8436562 | EC80: 2.8436562 | ED80: 2.8436562 | EE80: 2.8436562 | EF80: 2.8436562 | EG80: 2.8436562 | EH80: 2.8436562 | EI80: 2.8436562 | EJ80: 2.8436562 | EK80: 2.8436562 | EL80: 2.8436562 | EM80: 2.8436562 | EN80: 2.8436562 | EO80: 2.8436562 | EP80: 2.8436562 | EQ80: 2.8436562 | ER80: 2.8436562 | ES80: 2.8436562 | ET80: 2.8436562 | EU80: 2.8436562 | EV80: 2.8436562 | EW80: 2.8436562 | EX80: 2.8436562
A81: Capacity constraint | C81: people/year | F81: OR
A82: Saturation | C82: N.A. | F82: OR
A83: Coverage | C83: people/year | E83: 100000 | F83: OR
A85: ='Program targeting'!$B$15 -> soc_preeclampsia_urine_dipstick_test_second_trimester_preecl_hm | B85: Provenance | C85: Units | D85: Uncertainty | E85: Assumption | G85: 2015 | H85: 2015.25 | I85: 2015.5 | J85: 2015.75 | K85: 2016 | L85: 2016.25 | M85: 2016.5 | N85: 2016.75 | O85: 2017 | P85: 2017.25 | Q85: 2017.5 | R85: 2017.75 | S85: 2018 | T85: 2018.25 | U85: 2018.5 | V85: 2018.75 | W85: 2019 | X85: 2019.25 | Y85: 2019.5 | Z85: 2019.75 | AA85: 2020 | AB85: 2020.25 | AC85: 2020.5 | AD85: 2020.75 | AE85: 2021 | AF85: 2021.25 | AG85: 2021.5 | AH85: 2021.75 | AI85: 2022 | AJ85: 2022.25 | AK85: 2022.5 | AL85: 2022.75 | AM85: 2023 | AN85: 2023.25 | AO85: 2023.5 | AP85: 2023.75 | AQ85: 2024 | AR85: 2024.25 | AS85: 2024.5 | AT85: 2024.75 | AU85: 2025 | AV85: 2025.25 | AW85: 2025.5 | AX85: 2025.75 | AY85: 2026 | AZ85: 2026.25 | BA85: 2026.5 | BB85: 2026.75 | BC85: 2027 | BD85: 2027.25 | BE85: 2027.5 | BF85: 2027.75 | BG85: 2028 | BH85: 2028.25 | BI85: 2028.5 | BJ85: 2028.75 | BK85: 2029 | BL85: 2029.25 | BM85: 2029.5 | BN85: 2029.75 | BO85: 2030 | BP85: 2030.25 | BQ85: 2030.5 | BR85: 2030.75 | BS85: 2031 | BT85: 2031.25 | BU85: 2031.5 | BV85: 2031.75 | BW85: 2032 | BX85: 2032.25 | BY85: 2032.5 | BZ85: 2032.75 | CA85: 2033 | CB85: 2033.25 | CC85: 2033.5 | CD85: 2033.75 | CE85: 2034 | CF85: 2034.25 | CG85: 2034.5 | CH85: 2034.75 | CI85: 2035 | CJ85: 2035.25 | CK85: 2035.5 | CL85: 2035.75 | CM85: 2036 | CN85: 2036.25 | CO85: 2036.5 | CP85: 2036.75 | CQ85: 2037 | CR85: 2037.25 | CS85: 2037.5 | CT85: 2037.75 | CU85: 2038 | CV85: 2038.25 | CW85: 2038.5 | CX85: 2038.75 | CY85: 2039 | CZ85: 2039.25 | DA85: 2039.5 | DB85: 2039.75 | DC85: 2040 | DD85: 2040.25 | DE85: 2040.5 | DF85: 2040.75 | DG85: 2041 | DH85: 2041.25 | DI85: 2041.5 | DJ85: 2041.75 | DK85: 2042 | DL85: 2042.25 | DM85: 2042.5 | DN85: 2042.75 | DO85: 2043 | DP85: 2043.25 | DQ85: 2043.5 | DR85: 2043.75 | DS85: 2044 | DT85: 2044.25 | DU85: 2044.5 | DV85: 2044.75 | DW85: 2045 | DX85: 2045.25 | DY85: 2045.5 | DZ85: 2045.75 | EA85: 2046 | EB85: 2046.25 | EC85: 2046.5 | ED85: 2046.75 | EE85: 2047 | EF85: 2047.25 | EG85: 2047.5 | EH85: 2047.75 | EI85: 2048 | EJ85: 2048.25 | EK85: 2048.5 | EL85: 2048.75 | EM85: 2049 | EN85: 2049.25 | EO85: 2049.5 | EP85: 2049.75 | EQ85: 2050 | ER85: 2050.25 | ES85: 2050.5 | ET85: 2050.75 | EU85: 2051 | EV85: 2051.25 | EW85: 2051.5 | EX85: 2051.75
A86: Annual spend | C86: $/year | F86: OR | G86: 1e+15 | H86: 1e+15 | I86: 1e+15 | J86: 1e+15 | K86: 1e+15 | L86: 1e+15 | M86: 1e+15 | N86: 1e+15 | O86: 1e+15 | P86: 1e+15 | Q86: 1e+15 | R86: 1e+15 | S86: 1e+15 | T86: 1e+15 | U86: 1e+15 | V86: 1e+15 | W86: 1e+15 | X86: 1e+15 | Y86: 1e+15 | Z86: 1e+15 | AA86: 1e+15 | AB86: 1e+15 | AC86: 1e+15 | AD86: 1e+15 | AE86: 1e+15 | AF86: 1e+15 | AG86: 1e+15 | AH86: 1e+15 | AI86: 1e+15 | AJ86: 1e+15 | AK86: 1e+15 | AL86: 1e+15 | AM86: 1e+15 | AN86: 1e+15 | AO86: 1e+15 | AP86: 1e+15 | AQ86: 1e+15 | AR86: 1e+15 | AS86: 1e+15 | AT86: 1e+15 | AU86: 1e+15 | AV86: 1e+15 | AW86: 1e+15 | AX86: 1e+15 | AY86: 1e+15 | AZ86: 1e+15 | BA86: 1e+15 | BB86: 1e+15 | BC86: 1e+15 | BD86: 1e+15 | BE86: 1e+15 | BF86: 1e+15 | BG86: 1e+15 | BH86: 1e+15 | BI86: 1e+15 | BJ86: 1e+15 | BK86: 1e+15 | BL86: 1e+15 | BM86: 1e+15 | BN86: 1e+15 | BO86: 1e+15 | BP86: 1e+15 | BQ86: 1e+15 | BR86: 1e+15 | BS86: 1e+15 | BT86: 1e+15 | BU86: 1e+15 | BV86: 1e+15 | BW86: 1e+15 | BX86: 1e+15 | BY86: 1e+15 | BZ86: 1e+15 | CA86: 1e+15 | CB86: 1e+15 | CC86: 1e+15 | CD86: 1e+15 | CE86: 1e+15 | CF86: 1e+15 | CG86: 1e+15 | CH86: 1e+15 | CI86: 1e+15 | CJ86: 1e+15 | CK86: 1e+15 | CL86: 1e+15 | CM86: 1e+15 | CN86: 1e+15 | CO86: 1e+15 | CP86: 1e+15 | CQ86: 1e+15 | CR86: 1e+15 | CS86: 1e+15 | CT86: 1e+15 | CU86: 1e+15 | CV86: 1e+15 | CW86: 1e+15 | CX86: 1e+15 | CY86: 1e+15 | CZ86: 1e+15 | DA86: 1e+15 | DB86: 1e+15 | DC86: 1e+15 | DD86: 1e+15 | DE86: 1e+15 | DF86: 1e+15 | DG86: 1e+15 | DH86: 1e+15 | DI86: 1e+15 | DJ86: 1e+15 | DK86: 1e+15 | DL86: 1e+15 | DM86: 1e+15 | DN86: 1e+15 | DO86: 1e+15 | DP86: 1e+15 | DQ86: 1e+15 | DR86: 1e+15 | DS86: 1e+15 | DT86: 1e+15 | DU86: 1e+15 | DV86: 1e+15 | DW86: 1e+15 | DX86: 1e+15 | DY86: 1e+15 | DZ86: 1e+15 | EA86: 1e+15 | EB86: 1e+15 | EC86: 1e+15 | ED86: 1e+15 | EE86: 1e+15 | EF86: 1e+15 | EG86: 1e+15 | EH86: 1e+15 | EI86: 1e+15 | EJ86: 1e+15 | EK86: 1e+15 | EL86: 1e+15 | EM86: 1e+15 | EN86: 1e+15 | EO86: 1e+15 | EP86: 1e+15 | EQ86: 1e+15 | ER86: 1e+15 | ES86: 1e+15 | ET86: 1e+15 | EU86: 1e+15 | EV86: 1e+15 | EW86: 1e+15 | EX86: 1e+15
A87: Unit cost | C87: $/person | F87: OR | G87: 0.3 | H87: 0.3 | I87: 0.3 | J87: 0.3 | K87: 0.3 | L87: 0.3 | M87: 0.3 | N87: 0.3 | O87: 0.3 | P87: 0.3 | Q87: 0.3 | R87: 0.3 | S87: 0.3 | T87: 0.3 | U87: 0.3 | V87: 0.3 | W87: 0.3 | X87: 0.3 | Y87: 0.3 | Z87: 0.3 | AA87: 0.3 | AB87: 0.3 | AC87: 0.3 | AD87: 0.3 | AE87: 0.3 | AF87: 0.3 | AG87: 0.3 | AH87: 0.3 | AI87: 0.3 | AJ87: 0.3 | AK87: 0.3 | AL87: 0.3 | AM87: 0.3 | AN87: 0.3 | AO87: 0.3 | AP87: 0.3 | AQ87: 0.3 | AR87: 0.3 | AS87: 0.3 | AT87: 0.3 | AU87: 0.3 | AV87: 0.3 | AW87: 0.3 | AX87: 0.3 | AY87: 0.3 | AZ87: 0.3 | BA87: 0.3 | BB87: 0.3 | BC87: 0.3 | BD87: 0.3 | BE87: 0.3 | BF87: 0.3 | BG87: 0.3 | BH87: 0.3 | BI87: 0.3 | BJ87: 0.3 | BK87: 0.3 | BL87: 0.3 | BM87: 0.3 | BN87: 0.3 | BO87: 0.3 | BP87: 0.3 | BQ87: 0.3 | BR87: 0.3 | BS87: 0.3 | BT87: 0.3 | BU87: 0.3 | BV87: 0.3 | BW87: 0.3 | BX87: 0.3 | BY87: 0.3 | BZ87: 0.3 | CA87: 0.3 | CB87: 0.3 | CC87: 0.3 | CD87: 0.3 | CE87: 0.3 | CF87: 0.3 | CG87: 0.3 | CH87: 0.3 | CI87: 0.3 | CJ87: 0.3 | CK87: 0.3 | CL87: 0.3 | CM87: 0.3 | CN87: 0.3 | CO87: 0.3 | CP87: 0.3 | CQ87: 0.3 | CR87: 0.3 | CS87: 0.3 | CT87: 0.3 | CU87: 0.3 | CV87: 0.3 | CW87: 0.3 | CX87: 0.3 | CY87: 0.3 | CZ87: 0.3 | DA87: 0.3 | DB87: 0.3 | DC87: 0.3 | DD87: 0.3 | DE87: 0.3 | DF87: 0.3 | DG87: 0.3 | DH87: 0.3 | DI87: 0.3 | DJ87: 0.3 | DK87: 0.3 | DL87: 0.3 | DM87: 0.3 | DN87: 0.3 | DO87: 0.3 | DP87: 0.3 | DQ87: 0.3 | DR87: 0.3 | DS87: 0.3 | DT87: 0.3 | DU87: 0.3 | DV87: 0.3 | DW87: 0.3 | DX87: 0.3 | DY87: 0.3 | DZ87: 0.3 | EA87: 0.3 | EB87: 0.3 | EC87: 0.3 | ED87: 0.3 | EE87: 0.3 | EF87: 0.3 | EG87: 0.3 | EH87: 0.3 | EI87: 0.3 | EJ87: 0.3 | EK87: 0.3 | EL87: 0.3 | EM87: 0.3 | EN87: 0.3 | EO87: 0.3 | EP87: 0.3 | EQ87: 0.3 | ER87: 0.3 | ES87: 0.3 | ET87: 0.3 | EU87: 0.3 | EV87: 0.3 | EW87: 0.3 | EX87: 0.3
A88: Capacity constraint | C88: people/year | F88: OR
A89: Saturation | C89: N.A. | F89: OR
A90: Coverage | C90: people/year | E90: 100000 | F90: OR
A92: ='Program targeting'!$B$16 -> soc_preeclampsia_urine_dipstick_test_third_trimester_preecl_hm | B92: Provenance | C92: Units | D92: Uncertainty | E92: Assumption | G92: 2015 | H92: 2015.25 | I92: 2015.5 | J92: 2015.75 | K92: 2016 | L92: 2016.25 | M92: 2016.5 | N92: 2016.75 | O92: 2017 | P92: 2017.25 | Q92: 2017.5 | R92: 2017.75 | S92: 2018 | T92: 2018.25 | U92: 2018.5 | V92: 2018.75 | W92: 2019 | X92: 2019.25 | Y92: 2019.5 | Z92: 2019.75 | AA92: 2020 | AB92: 2020.25 | AC92: 2020.5 | AD92: 2020.75 | AE92: 2021 | AF92: 2021.25 | AG92: 2021.5 | AH92: 2021.75 | AI92: 2022 | AJ92: 2022.25 | AK92: 2022.5 | AL92: 2022.75 | AM92: 2023 | AN92: 2023.25 | AO92: 2023.5 | AP92: 2023.75 | AQ92: 2024 | AR92: 2024.25 | AS92: 2024.5 | AT92: 2024.75 | AU92: 2025 | AV92: 2025.25 | AW92: 2025.5 | AX92: 2025.75 | AY92: 2026 | AZ92: 2026.25 | BA92: 2026.5 | BB92: 2026.75 | BC92: 2027 | BD92: 2027.25 | BE92: 2027.5 | BF92: 2027.75 | BG92: 2028 | BH92: 2028.25 | BI92: 2028.5 | BJ92: 2028.75 | BK92: 2029 | BL92: 2029.25 | BM92: 2029.5 | BN92: 2029.75 | BO92: 2030 | BP92: 2030.25 | BQ92: 2030.5 | BR92: 2030.75 | BS92: 2031 | BT92: 2031.25 | BU92: 2031.5 | BV92: 2031.75 | BW92: 2032 | BX92: 2032.25 | BY92: 2032.5 | BZ92: 2032.75 | CA92: 2033 | CB92: 2033.25 | CC92: 2033.5 | CD92: 2033.75 | CE92: 2034 | CF92: 2034.25 | CG92: 2034.5 | CH92: 2034.75 | CI92: 2035 | CJ92: 2035.25 | CK92: 2035.5 | CL92: 2035.75 | CM92: 2036 | CN92: 2036.25 | CO92: 2036.5 | CP92: 2036.75 | CQ92: 2037 | CR92: 2037.25 | CS92: 2037.5 | CT92: 2037.75 | CU92: 2038 | CV92: 2038.25 | CW92: 2038.5 | CX92: 2038.75 | CY92: 2039 | CZ92: 2039.25 | DA92: 2039.5 | DB92: 2039.75 | DC92: 2040 | DD92: 2040.25 | DE92: 2040.5 | DF92: 2040.75 | DG92: 2041 | DH92: 2041.25 | DI92: 2041.5 | DJ92: 2041.75 | DK92: 2042 | DL92: 2042.25 | DM92: 2042.5 | DN92: 2042.75 | DO92: 2043 | DP92: 2043.25 | DQ92: 2043.5 | DR92: 2043.75 | DS92: 2044 | DT92: 2044.25 | DU92: 2044.5 | DV92: 2044.75 | DW92: 2045 | DX92: 2045.25 | DY92: 2045.5 | DZ92: 2045.75 | EA92: 2046 | EB92: 2046.25 | EC92: 2046.5 | ED92: 2046.75 | EE92: 2047 | EF92: 2047.25 | EG92: 2047.5 | EH92: 2047.75 | EI92: 2048 | EJ92: 2048.25 | EK92: 2048.5 | EL92: 2048.75 | EM92: 2049 | EN92: 2049.25 | EO92: 2049.5 | EP92: 2049.75 | EQ92: 2050 | ER92: 2050.25 | ES92: 2050.5 | ET92: 2050.75 | EU92: 2051 | EV92: 2051.25 | EW92: 2051.5 | EX92: 2051.75
A93: Annual spend | C93: $/year | F93: OR | G93: 1e+15 | H93: 1e+15 | I93: 1e+15 | J93: 1e+15 | K93: 1e+15 | L93: 1e+15 | M93: 1e+15 | N93: 1e+15 | O93: 1e+15 | P93: 1e+15 | Q93: 1e+15 | R93: 1e+15 | S93: 1e+15 | T93: 1e+15 | U93: 1e+15 | V93: 1e+15 | W93: 1e+15 | X93: 1e+15 | Y93: 1e+15 | Z93: 1e+15 | AA93: 1e+15 | AB93: 1e+15 | AC93: 1e+15 | AD93: 1e+15 | AE93: 1e+15 | AF93: 1e+15 | AG93: 1e+15 | AH93: 1e+15 | AI93: 1e+15 | AJ93: 1e+15 | AK93: 1e+15 | AL93: 1e+15 | AM93: 1e+15 | AN93: 1e+15 | AO93: 1e+15 | AP93: 1e+15 | AQ93: 1e+15 | AR93: 1e+15 | AS93: 1e+15 | AT93: 1e+15 | AU93: 1e+15 | AV93: 1e+15 | AW93: 1e+15 | AX93: 1e+15 | AY93: 1e+15 | AZ93: 1e+15 | BA93: 1e+15 | BB93: 1e+15 | BC93: 1e+15 | BD93: 1e+15 | BE93: 1e+15 | BF93: 1e+15 | BG93: 1e+15 | BH93: 1e+15 | BI93: 1e+15 | BJ93: 1e+15 | BK93: 1e+15 | BL93: 1e+15 | BM93: 1e+15 | BN93: 1e+15 | BO93: 1e+15 | BP93: 1e+15 | BQ93: 1e+15 | BR93: 1e+15 | BS93: 1e+15 | BT93: 1e+15 | BU93: 1e+15 | BV93: 1e+15 | BW93: 1e+15 | BX93: 1e+15 | BY93: 1e+15 | BZ93: 1e+15 | CA93: 1e+15 | CB93: 1e+15 | CC93: 1e+15 | CD93: 1e+15 | CE93: 1e+15 | CF93: 1e+15 | CG93: 1e+15 | CH93: 1e+15 | CI93: 1e+15 | CJ93: 1e+15 | CK93: 1e+15 | CL93: 1e+15 | CM93: 1e+15 | CN93: 1e+15 | CO93: 1e+15 | CP93: 1e+15 | CQ93: 1e+15 | CR93: 1e+15 | CS93: 1e+15 | CT93: 1e+15 | CU93: 1e+15 | CV93: 1e+15 | CW93: 1e+15 | CX93: 1e+15 | CY93: 1e+15 | CZ93: 1e+15 | DA93: 1e+15 | DB93: 1e+15 | DC93: 1e+15 | DD93: 1e+15 | DE93: 1e+15 | DF93: 1e+15 | DG93: 1e+15 | DH93: 1e+15 | DI93: 1e+15 | DJ93: 1e+15 | DK93: 1e+15 | DL93: 1e+15 | DM93: 1e+15 | DN93: 1e+15 | DO93: 1e+15 | DP93: 1e+15 | DQ93: 1e+15 | DR93: 1e+15 | DS93: 1e+15 | DT93: 1e+15 | DU93: 1e+15 | DV93: 1e+15 | DW93: 1e+15 | DX93: 1e+15 | DY93: 1e+15 | DZ93: 1e+15 | EA93: 1e+15 | EB93: 1e+15 | EC93: 1e+15 | ED93: 1e+15 | EE93: 1e+15 | EF93: 1e+15 | EG93: 1e+15 | EH93: 1e+15 | EI93: 1e+15 | EJ93: 1e+15 | EK93: 1e+15 | EL93: 1e+15 | EM93: 1e+15 | EN93: 1e+15 | EO93: 1e+15 | EP93: 1e+15 | EQ93: 1e+15 | ER93: 1e+15 | ES93: 1e+15 | ET93: 1e+15 | EU93: 1e+15 | EV93: 1e+15 | EW93: 1e+15 | EX93: 1e+15
A94: Unit cost | C94: $/person | F94: OR | G94: 0.3 | H94: 0.3 | I94: 0.3 | J94: 0.3 | K94: 0.3 | L94: 0.3 | M94: 0.3 | N94: 0.3 | O94: 0.3 | P94: 0.3 | Q94: 0.3 | R94: 0.3 | S94: 0.3 | T94: 0.3 | U94: 0.3 | V94: 0.3 | W94: 0.3 | X94: 0.3 | Y94: 0.3 | Z94: 0.3 | AA94: 0.3 | AB94: 0.3 | AC94: 0.3 | AD94: 0.3 | AE94: 0.3 | AF94: 0.3 | AG94: 0.3 | AH94: 0.3 | AI94: 0.3 | AJ94: 0.3 | AK94: 0.3 | AL94: 0.3 | AM94: 0.3 | AN94: 0.3 | AO94: 0.3 | AP94: 0.3 | AQ94: 0.3 | AR94: 0.3 | AS94: 0.3 | AT94: 0.3 | AU94: 0.3 | AV94: 0.3 | AW94: 0.3 | AX94: 0.3 | AY94: 0.3 | AZ94: 0.3 | BA94: 0.3 | BB94: 0.3 | BC94: 0.3 | BD94: 0.3 | BE94: 0.3 | BF94: 0.3 | BG94: 0.3 | BH94: 0.3 | BI94: 0.3 | BJ94: 0.3 | BK94: 0.3 | BL94: 0.3 | BM94: 0.3 | BN94: 0.3 | BO94: 0.3 | BP94: 0.3 | BQ94: 0.3 | BR94: 0.3 | BS94: 0.3 | BT94: 0.3 | BU94: 0.3 | BV94: 0.3 | BW94: 0.3 | BX94: 0.3 | BY94: 0.3 | BZ94: 0.3 | CA94: 0.3 | CB94: 0.3 | CC94: 0.3 | CD94: 0.3 | CE94: 0.3 | CF94: 0.3 | CG94: 0.3 | CH94: 0.3 | CI94: 0.3 | CJ94: 0.3 | CK94: 0.3 | CL94: 0.3 | CM94: 0.3 | CN94: 0.3 | CO94: 0.3 | CP94: 0.3 | CQ94: 0.3 | CR94: 0.3 | CS94: 0.3 | CT94: 0.3 | CU94: 0.3 | CV94: 0.3 | CW94: 0.3 | CX94: 0.3 | CY94: 0.3 | CZ94: 0.3 | DA94: 0.3 | DB94: 0.3 | DC94: 0.3 | DD94: 0.3 | DE94: 0.3 | DF94: 0.3 | DG94: 0.3 | DH94: 0.3 | DI94: 0.3 | DJ94: 0.3 | DK94: 0.3 | DL94: 0.3 | DM94: 0.3 | DN94: 0.3 | DO94: 0.3 | DP94: 0.3 | DQ94: 0.3 | DR94: 0.3 | DS94: 0.3 | DT94: 0.3 | DU94: 0.3 | DV94: 0.3 | DW94: 0.3 | DX94: 0.3 | DY94: 0.3 | DZ94: 0.3 | EA94: 0.3 | EB94: 0.3 | EC94: 0.3 | ED94: 0.3 | EE94: 0.3 | EF94: 0.3 | EG94: 0.3 | EH94: 0.3 | EI94: 0.3 | EJ94: 0.3 | EK94: 0.3 | EL94: 0.3 | EM94: 0.3 | EN94: 0.3 | EO94: 0.3 | EP94: 0.3 | EQ94: 0.3 | ER94: 0.3 | ES94: 0.3 | ET94: 0.3 | EU94: 0.3 | EV94: 0.3 | EW94: 0.3 | EX94: 0.3
A95: Capacity constraint | C95: people/year | F95: OR
A96: Saturation | C96: N.A. | F96: OR
A97: Coverage | C97: people/year | E97: 100000 | F97: OR
A99: ='Program targeting'!$B$17 -> soc_ultrasound_routine_anc_hm | B99: Provenance | C99: Units | D99: Uncertainty | E99: Assumption | G99: 2015 | H99: 2015.25 | I99: 2015.5 | J99: 2015.75 | K99: 2016 | L99: 2016.25 | M99: 2016.5 | N99: 2016.75 | O99: 2017 | P99: 2017.25 | Q99: 2017.5 | R99: 2017.75 | S99: 2018 | T99: 2018.25 | U99: 2018.5 | V99: 2018.75 | W99: 2019 | X99: 2019.25 | Y99: 2019.5 | Z99: 2019.75 | AA99: 2020 | AB99: 2020.25 | AC99: 2020.5 | AD99: 2020.75 | AE99: 2021 | AF99: 2021.25 | AG99: 2021.5 | AH99: 2021.75 | AI99: 2022 | AJ99: 2022.25 | AK99: 2022.5 | AL99: 2022.75 | AM99: 2023 | AN99: 2023.25 | AO99: 2023.5 | AP99: 2023.75 | AQ99: 2024 | AR99: 2024.25 | AS99: 2024.5 | AT99: 2024.75 | AU99: 2025 | AV99: 2025.25 | AW99: 2025.5 | AX99: 2025.75 | AY99: 2026 | AZ99: 2026.25 | BA99: 2026.5 | BB99: 2026.75 | BC99: 2027 | BD99: 2027.25 | BE99: 2027.5 | BF99: 2027.75 | BG99: 2028 | BH99: 2028.25 | BI99: 2028.5 | BJ99: 2028.75 | BK99: 2029 | BL99: 2029.25 | BM99: 2029.5 | BN99: 2029.75 | BO99: 2030 | BP99: 2030.25 | BQ99: 2030.5 | BR99: 2030.75 | BS99: 2031 | BT99: 2031.25 | BU99: 2031.5 | BV99: 2031.75 | BW99: 2032 | BX99: 2032.25 | BY99: 2032.5 | BZ99: 2032.75 | CA99: 2033 | CB99: 2033.25 | CC99: 2033.5 | CD99: 2033.75 | CE99: 2034 | CF99: 2034.25 | CG99: 2034.5 | CH99: 2034.75 | CI99: 2035 | CJ99: 2035.25 | CK99: 2035.5 | CL99: 2035.75 | CM99: 2036 | CN99: 2036.25 | CO99: 2036.5 | CP99: 2036.75 | CQ99: 2037 | CR99: 2037.25 | CS99: 2037.5 | CT99: 2037.75 | CU99: 2038 | CV99: 2038.25 | CW99: 2038.5 | CX99: 2038.75 | CY99: 2039 | CZ99: 2039.25 | DA99: 2039.5 | DB99: 2039.75 | DC99: 2040 | DD99: 2040.25 | DE99: 2040.5 | DF99: 2040.75 | DG99: 2041 | DH99: 2041.25 | DI99: 2041.5 | DJ99: 2041.75 | DK99: 2042 | DL99: 2042.25 | DM99: 2042.5 | DN99: 2042.75 | DO99: 2043 | DP99: 2043.25 | DQ99: 2043.5 | DR99: 2043.75 | DS99: 2044 | DT99: 2044.25 | DU99: 2044.5 | DV99: 2044.75 | DW99: 2045 | DX99: 2045.25 | DY99: 2045.5 | DZ99: 2045.75 | EA99: 2046 | EB99: 2046.25 | EC99: 2046.5 | ED99: 2046.75 | EE99: 2047 | EF99: 2047.25 | EG99: 2047.5 | EH99: 2047.75 | EI99: 2048 | EJ99: 2048.25 | EK99: 2048.5 | EL99: 2048.75 | EM99: 2049 | EN99: 2049.25 | EO99: 2049.5 | EP99: 2049.75 | EQ99: 2050 | ER99: 2050.25 | ES99: 2050.5 | ET99: 2050.75 | EU99: 2051 | EV99: 2051.25 | EW99: 2051.5 | EX99: 2051.75
A100: Annual spend | C100: $/year | F100: OR | G100: 1e+15 | H100: 1e+15 | I100: 1e+15 | J100: 1e+15 | K100: 1e+15 | L100: 1e+15 | M100: 1e+15 | N100: 1e+15 | O100: 1e+15 | P100: 1e+15 | Q100: 1e+15 | R100: 1e+15 | S100: 1e+15 | T100: 1e+15 | U100: 1e+15 | V100: 1e+15 | W100: 1e+15 | X100: 1e+15 | Y100: 1e+15 | Z100: 1e+15 | AA100: 1e+15 | AB100: 1e+15 | AC100: 1e+15 | AD100: 1e+15 | AE100: 1e+15 | AF100: 1e+15 | AG100: 1e+15 | AH100: 1e+15 | AI100: 1e+15 | AJ100: 1e+15 | AK100: 1e+15 | AL100: 1e+15 | AM100: 1e+15 | AN100: 1e+15 | AO100: 1e+15 | AP100: 1e+15 | AQ100: 1e+15 | AR100: 1e+15 | AS100: 1e+15 | AT100: 1e+15 | AU100: 1e+15 | AV100: 1e+15 | AW100: 1e+15 | AX100: 1e+15 | AY100: 1e+15 | AZ100: 1e+15 | BA100: 1e+15 | BB100: 1e+15 | BC100: 1e+15 | BD100: 1e+15 | BE100: 1e+15 | BF100: 1e+15 | BG100: 1e+15 | BH100: 1e+15 | BI100: 1e+15 | BJ100: 1e+15 | BK100: 1e+15 | BL100: 1e+15 | BM100: 1e+15 | BN100: 1e+15 | BO100: 1e+15 | BP100: 1e+15 | BQ100: 1e+15 | BR100: 1e+15 | BS100: 1e+15 | BT100: 1e+15 | BU100: 1e+15 | BV100: 1e+15 | BW100: 1e+15 | BX100: 1e+15 | BY100: 1e+15 | BZ100: 1e+15 | CA100: 1e+15 | CB100: 1e+15 | CC100: 1e+15 | CD100: 1e+15 | CE100: 1e+15 | CF100: 1e+15 | CG100: 1e+15 | CH100: 1e+15 | CI100: 1e+15 | CJ100: 1e+15 | CK100: 1e+15 | CL100: 1e+15 | CM100: 1e+15 | CN100: 1e+15 | CO100: 1e+15 | CP100: 1e+15 | CQ100: 1e+15 | CR100: 1e+15 | CS100: 1e+15 | CT100: 1e+15 | CU100: 1e+15 | CV100: 1e+15 | CW100: 1e+15 | CX100: 1e+15 | CY100: 1e+15 | CZ100: 1e+15 | DA100: 1e+15 | DB100: 1e+15 | DC100: 1e+15 | DD100: 1e+15 | DE100: 1e+15 | DF100: 1e+15 | DG100: 1e+15 | DH100: 1e+15 | DI100: 1e+15 | DJ100: 1e+15 | DK100: 1e+15 | DL100: 1e+15 | DM100: 1e+15 | DN100: 1e+15 | DO100: 1e+15 | DP100: 1e+15 | DQ100: 1e+15 | DR100: 1e+15 | DS100: 1e+15 | DT100: 1e+15 | DU100: 1e+15 | DV100: 1e+15 | DW100: 1e+15 | DX100: 1e+15 | DY100: 1e+15 | DZ100: 1e+15 | EA100: 1e+15 | EB100: 1e+15 | EC100: 1e+15 | ED100: 1e+15 | EE100: 1e+15 | EF100: 1e+15 | EG100: 1e+15 | EH100: 1e+15 | EI100: 1e+15 | EJ100: 1e+15 | EK100: 1e+15 | EL100: 1e+15 | EM100: 1e+15 | EN100: 1e+15 | EO100: 1e+15 | EP100: 1e+15 | EQ100: 1e+15 | ER100: 1e+15 | ES100: 1e+15 | ET100: 1e+15 | EU100: 1e+15 | EV100: 1e+15 | EW100: 1e+15 | EX100: 1e+15
A101: Unit cost | C101: $/person | F101: OR | G101: 4.8536777 | H101: 4.8536777 | I101: 4.8536777 | J101: 4.8536777 | K101: 4.8536777 | L101: 4.8536777 | M101: 4.8536777 | N101: 4.8536777 | O101: 4.8536777 | P101: 4.8536777 | Q101: 4.8536777 | R101: 4.8536777 | S101: 4.8536777 | T101: 4.8536777 | U101: 4.8536777 | V101: 4.8536777 | W101: 4.8536777 | X101: 4.8536777 | Y101: 4.8536777 | Z101: 4.8536777 | AA101: 4.8536777 | AB101: 4.8536777 | AC101: 4.8536777 | AD101: 4.8536777 | AE101: 4.8536777 | AF101: 4.8536777 | AG101: 4.8536777 | AH101: 4.8536777 | AI101: 4.8536777 | AJ101: 4.8536777 | AK101: 4.8536777 | AL101: 4.8536777 | AM101: 4.8536777 | AN101: 4.8536777 | AO101: 4.8536777 | AP101: 4.8536777 | AQ101: 4.8536777 | AR101: 4.8536777 | AS101: 4.8536777 | AT101: 4.8536777 | AU101: 4.8536777 | AV101: 4.8536777 | AW101: 4.8536777 | AX101: 4.8536777 | AY101: 4.8536777 | AZ101: 4.8536777 | BA101: 4.8536777 | BB101: 4.8536777 | BC101: 4.8536777 | BD101: 4.8536777 | BE101: 4.8536777 | BF101: 4.8536777 | BG101: 4.8536777 | BH101: 4.8536777 | BI101: 4.8536777 | BJ101: 4.8536777 | BK101: 4.8536777 | BL101: 4.8536777 | BM101: 4.8536777 | BN101: 4.8536777 | BO101: 4.8536777 | BP101: 4.8536777 | BQ101: 4.8536777 | BR101: 4.8536777 | BS101: 4.8536777 | BT101: 4.8536777 | BU101: 4.8536777 | BV101: 4.8536777 | BW101: 4.8536777 | BX101: 4.8536777 | BY101: 4.8536777 | BZ101: 4.8536777 | CA101: 4.8536777 | CB101: 4.8536777 | CC101: 4.8536777 | CD101: 4.8536777 | CE101: 4.8536777 | CF101: 4.8536777 | CG101: 4.8536777 | CH101: 4.8536777 | CI101: 4.8536777 | CJ101: 4.8536777 | CK101: 4.8536777 | CL101: 4.8536777 | CM101: 4.8536777 | CN101: 4.8536777 | CO101: 4.8536777 | CP101: 4.8536777 | CQ101: 4.8536777 | CR101: 4.8536777 | CS101: 4.8536777 | CT101: 4.8536777 | CU101: 4.8536777 | CV101: 4.8536777 | CW101: 4.8536777 | CX101: 4.8536777 | CY101: 4.8536777 | CZ101: 4.8536777 | DA101: 4.8536777 | DB101: 4.8536777 | DC101: 4.8536777 | DD101: 4.8536777 | DE101: 4.8536777 | DF101: 4.8536777 | DG101: 4.8536777 | DH101: 4.8536777 | DI101: 4.8536777 | DJ101: 4.8536777 | DK101: 4.8536777 | DL101: 4.8536777 | DM101: 4.8536777 | DN101: 4.8536777 | DO101: 4.8536777 | DP101: 4.8536777 | DQ101: 4.8536777 | DR101: 4.8536777 | DS101: 4.8536777 | DT101: 4.8536777 | DU101: 4.8536777 | DV101: 4.8536777 | DW101: 4.8536777 | DX101: 4.8536777 | DY101: 4.8536777 | DZ101: 4.8536777 | EA101: 4.8536777 | EB101: 4.8536777 | EC101: 4.8536777 | ED101: 4.8536777 | EE101: 4.8536777 | EF101: 4.8536777 | EG101: 4.8536777 | EH101: 4.8536777 | EI101: 4.8536777 | EJ101: 4.8536777 | EK101: 4.8536777 | EL101: 4.8536777 | EM101: 4.8536777 | EN101: 4.8536777 | EO101: 4.8536777 | EP101: 4.8536777 | EQ101: 4.8536777 | ER101: 4.8536777 | ES101: 4.8536777 | ET101: 4.8536777 | EU101: 4.8536777 | EV101: 4.8536777 | EW101: 4.8536777 | EX101: 4.8536777
A102: Capacity constraint | C102: people/year | F102: OR
A103: Saturation | C103: N.A. | F103: OR
A104: Coverage | C104: people/year | E104: 100000 | F104: OR
A106: ='Program targeting'!$B$18 -> ai_enabled_ultrasound_routine_anc_hm | B106: Provenance | C106: Units | D106: Uncertainty | E106: Assumption | G106: 2015 | H106: 2015.25 | I106: 2015.5 | J106: 2015.75 | K106: 2016 | L106: 2016.25 | M106: 2016.5 | N106: 2016.75 | O106: 2017 | P106: 2017.25 | Q106: 2017.5 | R106: 2017.75 | S106: 2018 | T106: 2018.25 | U106: 2018.5 | V106: 2018.75 | W106: 2019 | X106: 2019.25 | Y106: 2019.5 | Z106: 2019.75 | AA106: 2020 | AB106: 2020.25 | AC106: 2020.5 | AD106: 2020.75 | AE106: 2021 | AF106: 2021.25 | AG106: 2021.5 | AH106: 2021.75 | AI106: 2022 | AJ106: 2022.25 | AK106: 2022.5 | AL106: 2022.75 | AM106: 2023 | AN106: 2023.25 | AO106: 2023.5 | AP106: 2023.75 | AQ106: 2024 | AR106: 2024.25 | AS106: 2024.5 | AT106: 2024.75 | AU106: 2025 | AV106: 2025.25 | AW106: 2025.5 | AX106: 2025.75 | AY106: 2026 | AZ106: 2026.25 | BA106: 2026.5 | BB106: 2026.75 | BC106: 2027 | BD106: 2027.25 | BE106: 2027.5 | BF106: 2027.75 | BG106: 2028 | BH106: 2028.25 | BI106: 2028.5 | BJ106: 2028.75 | BK106: 2029 | BL106: 2029.25 | BM106: 2029.5 | BN106: 2029.75 | BO106: 2030 | BP106: 2030.25 | BQ106: 2030.5 | BR106: 2030.75 | BS106: 2031 | BT106: 2031.25 | BU106: 2031.5 | BV106: 2031.75 | BW106: 2032 | BX106: 2032.25 | BY106: 2032.5 | BZ106: 2032.75 | CA106: 2033 | CB106: 2033.25 | CC106: 2033.5 | CD106: 2033.75 | CE106: 2034 | CF106: 2034.25 | CG106: 2034.5 | CH106: 2034.75 | CI106: 2035 | CJ106: 2035.25 | CK106: 2035.5 | CL106: 2035.75 | CM106: 2036 | CN106: 2036.25 | CO106: 2036.5 | CP106: 2036.75 | CQ106: 2037 | CR106: 2037.25 | CS106: 2037.5 | CT106: 2037.75 | CU106: 2038 | CV106: 2038.25 | CW106: 2038.5 | CX106: 2038.75 | CY106: 2039 | CZ106: 2039.25 | DA106: 2039.5 | DB106: 2039.75 | DC106: 2040 | DD106: 2040.25 | DE106: 2040.5 | DF106: 2040.75 | DG106: 2041 | DH106: 2041.25 | DI106: 2041.5 | DJ106: 2041.75 | DK106: 2042 | DL106: 2042.25 | DM106: 2042.5 | DN106: 2042.75 | DO106: 2043 | DP106: 2043.25 | DQ106: 2043.5 | DR106: 2043.75 | DS106: 2044 | DT106: 2044.25 | DU106: 2044.5 | DV106: 2044.75 | DW106: 2045 | DX106: 2045.25 | DY106: 2045.5 | DZ106: 2045.75 | EA106: 2046 | EB106: 2046.25 | EC106: 2046.5 | ED106: 2046.75 | EE106: 2047 | EF106: 2047.25 | EG106: 2047.5 | EH106: 2047.75 | EI106: 2048 | EJ106: 2048.25 | EK106: 2048.5 | EL106: 2048.75 | EM106: 2049 | EN106: 2049.25 | EO106: 2049.5 | EP106: 2049.75 | EQ106: 2050 | ER106: 2050.25 | ES106: 2050.5 | ET106: 2050.75 | EU106: 2051 | EV106: 2051.25 | EW106: 2051.5 | EX106: 2051.75
A107: Annual spend | C107: $/year | F107: OR | G107: 0 | H107: 0 | I107: 0 | J107: 0 | K107: 0 | L107: 0 | M107: 0 | N107: 0 | O107: 0 | P107: 0 | Q107: 0 | R107: 0 | S107: 0 | T107: 0 | U107: 0 | V107: 0 | W107: 0 | X107: 0 | Y107: 0 | Z107: 0 | AA107: 0 | AB107: 0 | AC107: 0 | AD107: 0 | AE107: 0 | AF107: 0 | AG107: 0 | AH107: 0 | AI107: 0 | AJ107: 0 | AK107: 0 | AL107: 0 | AM107: 0 | AN107: 0 | AO107: 0 | AP107: 0 | AQ107: 0 | AR107: 0 | AS107: 0 | AT107: 0 | AU107: 1e+15 | AV107: 1e+15 | AW107: 1e+15 | AX107: 1e+15 | AY107: 1e+15 | AZ107: 1e+15 | BA107: 1e+15 | BB107: 1e+15 | BC107: 1e+15 | BD107: 1e+15 | BE107: 1e+15 | BF107: 1e+15 | BG107: 1e+15 | BH107: 1e+15 | BI107: 1e+15 | BJ107: 1e+15 | BK107: 1e+15 | BL107: 1e+15 | BM107: 1e+15 | BN107: 1e+15 | BO107: 1e+15 | BP107: 1e+15 | BQ107: 1e+15 | BR107: 1e+15 | BS107: 1e+15 | BT107: 1e+15 | BU107: 1e+15 | BV107: 1e+15 | BW107: 1e+15 | BX107: 1e+15 | BY107: 1e+15 | BZ107: 1e+15 | CA107: 1e+15 | CB107: 1e+15 | CC107: 1e+15 | CD107: 1e+15 | CE107: 1e+15 | CF107: 1e+15 | CG107: 1e+15 | CH107: 1e+15 | CI107: 1e+15 | CJ107: 1e+15 | CK107: 1e+15 | CL107: 1e+15 | CM107: 1e+15 | CN107: 1e+15 | CO107: 1e+15 | CP107: 1e+15 | CQ107: 1e+15 | CR107: 1e+15 | CS107: 1e+15 | CT107: 1e+15 | CU107: 1e+15 | CV107: 1e+15 | CW107: 1e+15 | CX107: 1e+15 | CY107: 1e+15 | CZ107: 1e+15 | DA107: 1e+15 | DB107: 1e+15 | DC107: 1e+15 | DD107: 1e+15 | DE107: 1e+15 | DF107: 1e+15 | DG107: 1e+15 | DH107: 1e+15 | DI107: 1e+15 | DJ107: 1e+15 | DK107: 1e+15 | DL107: 1e+15 | DM107: 1e+15 | DN107: 1e+15 | DO107: 1e+15 | DP107: 1e+15 | DQ107: 1e+15 | DR107: 1e+15 | DS107: 1e+15 | DT107: 1e+15 | DU107: 1e+15 | DV107: 1e+15 | DW107: 1e+15 | DX107: 1e+15 | DY107: 1e+15 | DZ107: 1e+15 | EA107: 1e+15 | EB107: 1e+15 | EC107: 1e+15 | ED107: 1e+15 | EE107: 1e+15 | EF107: 1e+15 | EG107: 1e+15 | EH107: 1e+15 | EI107: 1e+15 | EJ107: 1e+15 | EK107: 1e+15 | EL107: 1e+15 | EM107: 1e+15 | EN107: 1e+15 | EO107: 1e+15 | EP107: 1e+15 | EQ107: 1e+15 | ER107: 1e+15 | ES107: 1e+15 | ET107: 1e+15 | EU107: 1e+15 | EV107: 1e+15 | EW107: 1e+15 | EX107: 1e+15
A108: Unit cost | C108: $/person | F108: OR | G108: 3.0935936 | H108: 3.0935936 | I108: 3.0935936 | J108: 3.0935936 | K108: 3.0935936 | L108: 3.0935936 | M108: 3.0935936 | N108: 3.0935936 | O108: 3.0935936 | P108: 3.0935936 | Q108: 3.0935936 | R108: 3.0935936 | S108: 3.0935936 | T108: 3.0935936 | U108: 3.0935936 | V108: 3.0935936 | W108: 3.0935936 | X108: 3.0935936 | Y108: 3.0935936 | Z108: 3.0935936 | AA108: 3.0935936 | AB108: 3.0935936 | AC108: 3.0935936 | AD108: 3.0935936 | AE108: 3.0935936 | AF108: 3.0935936 | AG108: 3.0935936 | AH108: 3.0935936 | AI108: 3.0935936 | AJ108: 3.0935936 | AK108: 3.0935936 | AL108: 3.0935936 | AM108: 3.0935936 | AN108: 3.0935936 | AO108: 3.0935936 | AP108: 3.0935936 | AQ108: 3.0935936 | AR108: 3.0935936 | AS108: 3.0935936 | AT108: 3.0935936 | AU108: 3.0935936 | AV108: 3.0935936 | AW108: 3.0935936 | AX108: 3.0935936 | AY108: 3.0935936 | AZ108: 3.0935936 | BA108: 3.0935936 | BB108: 3.0935936 | BC108: 3.0935936 | BD108: 3.0935936 | BE108: 3.0935936 | BF108: 3.0935936 | BG108: 3.0935936 | BH108: 3.0935936 | BI108: 3.0935936 | BJ108: 3.0935936 | BK108: 3.0935936 | BL108: 3.0935936 | BM108: 3.0935936 | BN108: 3.0935936 | BO108: 3.0935936 | BP108: 3.0935936 | BQ108: 3.0935936 | BR108: 3.0935936 | BS108: 3.0935936 | BT108: 3.0935936 | BU108: 3.0935936 | BV108: 3.0935936 | BW108: 3.0935936 | BX108: 3.0935936 | BY108: 3.0935936 | BZ108: 3.0935936 | CA108: 3.0935936 | CB108: 3.0935936 | CC108: 3.0935936 | CD108: 3.0935936 | CE108: 3.0935936 | CF108: 3.0935936 | CG108: 3.0935936 | CH108: 3.0935936 | CI108: 3.0935936 | CJ108: 3.0935936 | CK108: 3.0935936 | CL108: 3.0935936 | CM108: 3.0935936 | CN108: 3.0935936 | CO108: 3.0935936 | CP108: 3.0935936 | CQ108: 3.0935936 | CR108: 3.0935936 | CS108: 3.0935936 | CT108: 3.0935936 | CU108: 3.0935936 | CV108: 3.0935936 | CW108: 3.0935936 | CX108: 3.0935936 | CY108: 3.0935936 | CZ108: 3.0935936 | DA108: 3.0935936 | DB108: 3.0935936 | DC108: 3.0935936 | DD108: 3.0935936 | DE108: 3.0935936 | DF108: 3.0935936 | DG108: 3.0935936 | DH108: 3.0935936 | DI108: 3.0935936 | DJ108: 3.0935936 | DK108: 3.0935936 | DL108: 3.0935936 | DM108: 3.0935936 | DN108: 3.0935936 | DO108: 3.0935936 | DP108: 3.0935936 | DQ108: 3.0935936 | DR108: 3.0935936 | DS108: 3.0935936 | DT108: 3.0935936 | DU108: 3.0935936 | DV108: 3.0935936 | DW108: 3.0935936 | DX108: 3.0935936 | DY108: 3.0935936 | DZ108: 3.0935936 | EA108: 3.0935936 | EB108: 3.0935936 | EC108: 3.0935936 | ED108: 3.0935936 | EE108: 3.0935936 | EF108: 3.0935936 | EG108: 3.0935936 | EH108: 3.0935936 | EI108: 3.0935936 | EJ108: 3.0935936 | EK108: 3.0935936 | EL108: 3.0935936 | EM108: 3.0935936 | EN108: 3.0935936 | EO108: 3.0935936 | EP108: 3.0935936 | EQ108: 3.0935936 | ER108: 3.0935936 | ES108: 3.0935936 | ET108: 3.0935936 | EU108: 3.0935936 | EV108: 3.0935936 | EW108: 3.0935936 | EX108: 3.0935936
A109: Capacity constraint | C109: people/year | F109: OR
A110: Saturation | C110: N.A. | F110: OR
A111: Coverage | C111: people/year | E111: 100000 | F111: OR
A113: ='Program targeting'!$B$19 -> preeclampsia_risk_screen___prevention_drug_routine_preecl_hm | B113: Provenance | C113: Units | D113: Uncertainty | E113: Assumption | G113: 2015 | H113: 2015.25 | I113: 2015.5 | J113: 2015.75 | K113: 2016 | L113: 2016.25 | M113: 2016.5 | N113: 2016.75 | O113: 2017 | P113: 2017.25 | Q113: 2017.5 | R113: 2017.75 | S113: 2018 | T113: 2018.25 | U113: 2018.5 | V113: 2018.75 | W113: 2019 | X113: 2019.25 | Y113: 2019.5 | Z113: 2019.75 | AA113: 2020 | AB113: 2020.25 | AC113: 2020.5 | AD113: 2020.75 | AE113: 2021 | AF113: 2021.25 | AG113: 2021.5 | AH113: 2021.75 | AI113: 2022 | AJ113: 2022.25 | AK113: 2022.5 | AL113: 2022.75 | AM113: 2023 | AN113: 2023.25 | AO113: 2023.5 | AP113: 2023.75 | AQ113: 2024 | AR113: 2024.25 | AS113: 2024.5 | AT113: 2024.75 | AU113: 2025 | AV113: 2025.25 | AW113: 2025.5 | AX113: 2025.75 | AY113: 2026 | AZ113: 2026.25 | BA113: 2026.5 | BB113: 2026.75 | BC113: 2027 | BD113: 2027.25 | BE113: 2027.5 | BF113: 2027.75 | BG113: 2028 | BH113: 2028.25 | BI113: 2028.5 | BJ113: 2028.75 | BK113: 2029 | BL113: 2029.25 | BM113: 2029.5 | BN113: 2029.75 | BO113: 2030 | BP113: 2030.25 | BQ113: 2030.5 | BR113: 2030.75 | BS113: 2031 | BT113: 2031.25 | BU113: 2031.5 | BV113: 2031.75 | BW113: 2032 | BX113: 2032.25 | BY113: 2032.5 | BZ113: 2032.75 | CA113: 2033 | CB113: 2033.25 | CC113: 2033.5 | CD113: 2033.75 | CE113: 2034 | CF113: 2034.25 | CG113: 2034.5 | CH113: 2034.75 | CI113: 2035 | CJ113: 2035.25 | CK113: 2035.5 | CL113: 2035.75 | CM113: 2036 | CN113: 2036.25 | CO113: 2036.5 | CP113: 2036.75 | CQ113: 2037 | CR113: 2037.25 | CS113: 2037.5 | CT113: 2037.75 | CU113: 2038 | CV113: 2038.25 | CW113: 2038.5 | CX113: 2038.75 | CY113: 2039 | CZ113: 2039.25 | DA113: 2039.5 | DB113: 2039.75 | DC113: 2040 | DD113: 2040.25 | DE113: 2040.5 | DF113: 2040.75 | DG113: 2041 | DH113: 2041.25 | DI113: 2041.5 | DJ113: 2041.75 | DK113: 2042 | DL113: 2042.25 | DM113: 2042.5 | DN113: 2042.75 | DO113: 2043 | DP113: 2043.25 | DQ113: 2043.5 | DR113: 2043.75 | DS113: 2044 | DT113: 2044.25 | DU113: 2044.5 | DV113: 2044.75 | DW113: 2045 | DX113: 2045.25 | DY113: 2045.5 | DZ113: 2045.75 | EA113: 2046 | EB113: 2046.25 | EC113: 2046.5 | ED113: 2046.75 | EE113: 2047 | EF113: 2047.25 | EG113: 2047.5 | EH113: 2047.75 | EI113: 2048 | EJ113: 2048.25 | EK113: 2048.5 | EL113: 2048.75 | EM113: 2049 | EN113: 2049.25 | EO113: 2049.5 | EP113: 2049.75 | EQ113: 2050 | ER113: 2050.25 | ES113: 2050.5 | ET113: 2050.75 | EU113: 2051 | EV113: 2051.25 | EW113: 2051.5 | EX113: 2051.75
A114: Annual spend | C114: $/year | F114: OR | G114: 0 | H114: 0 | I114: 0 | J114: 0 | K114: 0 | L114: 0 | M114: 0 | N114: 0 | O114: 0 | P114: 0 | Q114: 0 | R114: 0 | S114: 0 | T114: 0 | U114: 0 | V114: 0 | W114: 0 | X114: 0 | Y114: 0 | Z114: 0 | AA114: 0 | AB114: 0 | AC114: 0 | AD114: 0 | AE114: 0 | AF114: 0 | AG114: 0 | AH114: 0 | AI114: 0 | AJ114: 0 | AK114: 0 | AL114: 0 | AM114: 0 | AN114: 0 | AO114: 0 | AP114: 0 | AQ114: 0 | AR114: 0 | AS114: 0 | AT114: 0 | AU114: 1e+15 | AV114: 1e+15 | AW114: 1e+15 | AX114: 1e+15 | AY114: 1e+15 | AZ114: 1e+15 | BA114: 1e+15 | BB114: 1e+15 | BC114: 1e+15 | BD114: 1e+15 | BE114: 1e+15 | BF114: 1e+15 | BG114: 1e+15 | BH114: 1e+15 | BI114: 1e+15 | BJ114: 1e+15 | BK114: 1e+15 | BL114: 1e+15 | BM114: 1e+15 | BN114: 1e+15 | BO114: 1e+15 | BP114: 1e+15 | BQ114: 1e+15 | BR114: 1e+15 | BS114: 1e+15 | BT114: 1e+15 | BU114: 1e+15 | BV114: 1e+15 | BW114: 1e+15 | BX114: 1e+15 | BY114: 1e+15 | BZ114: 1e+15 | CA114: 1e+15 | CB114: 1e+15 | CC114: 1e+15 | CD114: 1e+15 | CE114: 1e+15 | CF114: 1e+15 | CG114: 1e+15 | CH114: 1e+15 | CI114: 1e+15 | CJ114: 1e+15 | CK114: 1e+15 | CL114: 1e+15 | CM114: 1e+15 | CN114: 1e+15 | CO114: 1e+15 | CP114: 1e+15 | CQ114: 1e+15 | CR114: 1e+15 | CS114: 1e+15 | CT114: 1e+15 | CU114: 1e+15 | CV114: 1e+15 | CW114: 1e+15 | CX114: 1e+15 | CY114: 1e+15 | CZ114: 1e+15 | DA114: 1e+15 | DB114: 1e+15 | DC114: 1e+15 | DD114: 1e+15 | DE114: 1e+15 | DF114: 1e+15 | DG114: 1e+15 | DH114: 1e+15 | DI114: 1e+15 | DJ114: 1e+15 | DK114: 1e+15 | DL114: 1e+15 | DM114: 1e+15 | DN114: 1e+15 | DO114: 1e+15 | DP114: 1e+15 | DQ114: 1e+15 | DR114: 1e+15 | DS114: 1e+15 | DT114: 1e+15 | DU114: 1e+15 | DV114: 1e+15 | DW114: 1e+15 | DX114: 1e+15 | DY114: 1e+15 | DZ114: 1e+15 | EA114: 1e+15 | EB114: 1e+15 | EC114: 1e+15 | ED114: 1e+15 | EE114: 1e+15 | EF114: 1e+15 | EG114: 1e+15 | EH114: 1e+15 | EI114: 1e+15 | EJ114: 1e+15 | EK114: 1e+15 | EL114: 1e+15 | EM114: 1e+15 | EN114: 1e+15 | EO114: 1e+15 | EP114: 1e+15 | EQ114: 1e+15 | ER114: 1e+15 | ES114: 1e+15 | ET114: 1e+15 | EU114: 1e+15 | EV114: 1e+15 | EW114: 1e+15 | EX114: 1e+15
A115: Unit cost | C115: $/person | F115: OR | G115: 3.83 | H115: 3.83 | I115: 3.83 | J115: 3.83 | K115: 3.83 | L115: 3.83 | M115: 3.83 | N115: 3.83 | O115: 3.83 | P115: 3.83 | Q115: 3.83 | R115: 3.83 | S115: 3.83 | T115: 3.83 | U115: 3.83 | V115: 3.83 | W115: 3.83 | X115: 3.83 | Y115: 3.83 | Z115: 3.83 | AA115: 3.83 | AB115: 3.83 | AC115: 3.83 | AD115: 3.83 | AE115: 3.83 | AF115: 3.83 | AG115: 3.83 | AH115: 3.83 | AI115: 3.83 | AJ115: 3.83 | AK115: 3.83 | AL115: 3.83 | AM115: 3.83 | AN115: 3.83 | AO115: 3.83 | AP115: 3.83 | AQ115: 3.83 | AR115: 3.83 | AS115: 3.83 | AT115: 3.83 | AU115: 3.83 | AV115: 3.83 | AW115: 3.83 | AX115: 3.83 | AY115: 3.83 | AZ115: 3.83 | BA115: 3.83 | BB115: 3.83 | BC115: 3.83 | BD115: 3.83 | BE115: 3.83 | BF115: 3.83 | BG115: 3.83 | BH115: 3.83 | BI115: 3.83 | BJ115: 3.83 | BK115: 3.83 | BL115: 3.83 | BM115: 3.83 | BN115: 3.83 | BO115: 3.83 | BP115: 3.83 | BQ115: 3.83 | BR115: 3.83 | BS115: 3.83 | BT115: 3.83 | BU115: 3.83 | BV115: 3.83 | BW115: 3.83 | BX115: 3.83 | BY115: 3.83 | BZ115: 3.83 | CA115: 3.83 | CB115: 3.83 | CC115: 3.83 | CD115: 3.83 | CE115: 3.83 | CF115: 3.83 | CG115: 3.83 | CH115: 3.83 | CI115: 3.83 | CJ115: 3.83 | CK115: 3.83 | CL115: 3.83 | CM115: 3.83 | CN115: 3.83 | CO115: 3.83 | CP115: 3.83 | CQ115: 3.83 | CR115: 3.83 | CS115: 3.83 | CT115: 3.83 | CU115: 3.83 | CV115: 3.83 | CW115: 3.83 | CX115: 3.83 | CY115: 3.83 | CZ115: 3.83 | DA115: 3.83 | DB115: 3.83 | DC115: 3.83 | DD115: 3.83 | DE115: 3.83 | DF115: 3.83 | DG115: 3.83 | DH115: 3.83 | DI115: 3.83 | DJ115: 3.83 | DK115: 3.83 | DL115: 3.83 | DM115: 3.83 | DN115: 3.83 | DO115: 3.83 | DP115: 3.83 | DQ115: 3.83 | DR115: 3.83 | DS115: 3.83 | DT115: 3.83 | DU115: 3.83 | DV115: 3.83 | DW115: 3.83 | DX115: 3.83 | DY115: 3.83 | DZ115: 3.83 | EA115: 3.83 | EB115: 3.83 | EC115: 3.83 | ED115: 3.83 | EE115: 3.83 | EF115: 3.83 | EG115: 3.83 | EH115: 3.83 | EI115: 3.83 | EJ115: 3.83 | EK115: 3.83 | EL115: 3.83 | EM115: 3.83 | EN115: 3.83 | EO115: 3.83 | EP115: 3.83 | EQ115: 3.83 | ER115: 3.83 | ES115: 3.83 | ET115: 3.83 | EU115: 3.83 | EV115: 3.83 | EW115: 3.83 | EX115: 3.83
A116: Capacity constraint | C116: people/year | F116: OR
...

Sheet Program effects
A1: Antenatal care: Proportion of pregnant women attending ANC who received an ultrasound by 3rd trimester | B1: Baseline value | C1: Coverage interaction | D1: Impact interaction | E1: Uncertainty | G1: ='Program targeting'!$B$3 -> soc_rutf_community_19-59_wasting_hm | H1: ='Program targeting'!$B$4 -> soc_rutf_community_6-18_wasting_hm | I1: ='Program targeting'!$B$5 -> soc_rutf_hospitalized_19-59_wasting_hm | J1: ='Program targeting'!$B$6 -> soc_rutf_hospitalized_6-18_wasting_hm | K1: ='Program targeting'!$B$7 -> soc_iron_tablets_mild_first_trimester_an_hm | L1: ='Program targeting'!$B$8 -> soc_iron_tablets_mild_second_trimester_an_hm | M1: ='Program targeting'!$B$9 -> soc_iron_tablets_moderate_first_trimester_an_hm | N1: ='Program targeting'!$B$10 -> soc_iron_tablets_moderate_second_trimester_an_hm | O1: ='Program targeting'!$B$11 -> soc_iron_tablets_severe_first_trimester_an_hm | P1: ='Program targeting'!$B$12 -> soc_iron_tablets_severe_second_trimester_an_hm | Q1: ='Program targeting'!$B$13 -> noninvasive_hb_diagnostic_first_trimester_an_hm | R1: ='Program targeting'!$B$14 -> noninvasive_hb_diagnostic_second_trimester_an_hm | S1: ='Program targeting'!$B$15 -> soc_preeclampsia_urine_dipstick_test_second_trimester_preecl_hm | T1: ='Program targeting'!$B$16 -> soc_preeclampsia_urine_dipstick_test_third_trimester_preecl_hm | U1: ='Program targeting'!$B$17 -> soc_ultrasound_routine_anc_hm | V1: ='Program targeting'!$B$18 -> ai_enabled_ultrasound_routine_anc_hm | W1: ='Program targeting'!$B$19 -> preeclampsia_risk_screen___prevention_drug_routine_preecl_hm | X1: ='Program targeting'!$B$20 -> soc_preeclampsia_treatment_third_trimester_severe_preecl_hm
A2: ='Program targeting'!$C$2 -> Antenatal care: Humans | B2: 0 | C2: Additive | D2: best | E2: 0 | U2: 1 | V2: 1
A4: Efficacy of asphyxia treatment on mortality | B4: Baseline value | C4: Coverage interaction | D4: Impact interaction | E4: Uncertainty | G4: ='Program targeting'!$B$3 -> soc_rutf_community_19-59_wasting_hm | H4: ='Program targeting'!$B$4 -> soc_rutf_community_6-18_wasting_hm | I4: ='Program targeting'!$B$5 -> soc_rutf_hospitalized_19-59_wasting_hm | J4: ='Program targeting'!$B$6 -> soc_rutf_hospitalized_6-18_wasting_hm | K4: ='Program targeting'!$B$7 -> soc_iron_tablets_mild_first_trimester_an_hm | L4: ='Program targeting'!$B$8 -> soc_iron_tablets_mild_second_trimester_an_hm | M4: ='Program targeting'!$B$9 -> soc_iron_tablets_moderate_first_trimester_an_hm | N4: ='Program targeting'!$B$10 -> soc_iron_tablets_moderate_second_trimester_an_hm | O4: ='Program targeting'!$B$11 -> soc_iron_tablets_severe_first_trimester_an_hm | P4: ='Program targeting'!$B$12 -> soc_iron_tablets_severe_second_trimester_an_hm | Q4: ='Program targeting'!$B$13 -> noninvasive_hb_diagnostic_first_trimester_an_hm | R4: ='Program targeting'!$B$14 -> noninvasive_hb_diagnostic_second_trimester_an_hm | S4: ='Program targeting'!$B$15 -> soc_preeclampsia_urine_dipstick_test_second_trimester_preecl_hm | T4: ='Program targeting'!$B$16 -> soc_preeclampsia_urine_dipstick_test_third_trimester_preecl_hm | U4: ='Program targeting'!$B$17 -> soc_ultrasound_routine_anc_hm | V4: ='Program targeting'!$B$18 -> ai_enabled_ultrasound_routine_anc_hm | W4: ='Program targeting'!$B$19 -> preeclampsia_risk_screen___prevention_drug_routine_preecl_hm | X4: ='Program targeting'!$B$20 -> soc_preeclampsia_treatment_third_trimester_severe_preecl_hm
A5: ='Program targeting'!$D$2 -> Asphyxia: Humans | B5: 0 | C5: Additive | D5: best | E5: 0
A7: Efficacy of asphyxia treatment on morbidity | B7: Baseline value | C7: Coverage interaction | D7: Impact interaction | E7: Uncertainty | G7: ='Program targeting'!$B$3 -> soc_rutf_community_19-59_wasting_hm | H7: ='Program targeting'!$B$4 -> soc_rutf_community_6-18_wasting_hm | I7: ='Program targeting'!$B$5 -> soc_rutf_hospitalized_19-59_wasting_hm | J7: ='Program targeting'!$B$6 -> soc_rutf_hospitalized_6-18_wasting_hm | K7: ='Program targeting'!$B$7 -> soc_iron_tablets_mild_first_trimester_an_hm | L7: ='Program targeting'!$B$8 -> soc_iron_tablets_mild_second_trimester_an_hm | M7: ='Program targeting'!$B$9 -> soc_iron_tablets_moderate_first_trimester_an_hm | N7: ='Program targeting'!$B$10 -> soc_iron_tablets_moderate_second_trimester_an_hm | O7: ='Program targeting'!$B$11 -> soc_iron_tablets_severe_first_trimester_an_hm | P7: ='Program targeting'!$B$12 -> soc_iron_tablets_severe_second_trimester_an_hm | Q7: ='Program targeting'!$B$13 -> noninvasive_hb_diagnostic_first_trimester_an_hm | R7: ='Program targeting'!$B$14 -> noninvasive_hb_diagnostic_second_trimester_an_hm | S7: ='Program targeting'!$B$15 -> soc_preeclampsia_urine_dipstick_test_second_trimester_preecl_hm | T7: ='Program targeting'!$B$16 -> soc_preeclampsia_urine_dipstick_test_third_trimester_preecl_hm | U7: ='Program targeting'!$B$17 -> soc_ultrasound_routine_anc_hm | V7: ='Program targeting'!$B$18 -> ai_enabled_ultrasound_routine_anc_hm | W7: ='Program targeting'!$B$19 -> preeclampsia_risk_screen___prevention_drug_routine_preecl_hm | X7: ='Program targeting'!$B$20 -> soc_preeclampsia_treatment_third_trimester_severe_preecl_hm
A8: ='Program targeting'!$D$2 -> Asphyxia: Humans | B8: 0 | C8: Additive | D8: best | E8: 0
A10: Proportion of pregnant women attending ANC in whom anemia will be diagnosed | B10: Baseline value | C10: Coverage interaction | D10: Impact interaction | E10: Uncertainty | G10: ='Program targeting'!$B$3 -> soc_rutf_community_19-59_wasting_hm | H10: ='Program targeting'!$B$4 -> soc_rutf_community_6-18_wasting_hm | I10: ='Program targeting'!$B$5 -> soc_rutf_hospitalized_19-59_wasting_hm | J10: ='Program targeting'!$B$6 -> soc_rutf_hospitalized_6-18_wasting_hm | K10: ='Program targeting'!$B$7 -> soc_iron_tablets_mild_first_trimester_an_hm | L10: ='Program targeting'!$B$8 -> soc_iron_tablets_mild_second_trimester_an_hm | M10: ='Program targeting'!$B$9 -> soc_iron_tablets_moderate_first_trimester_an_hm | N10: ='Program targeting'!$B$10 -> soc_iron_tablets_moderate_second_trimester_an_hm | O10: ='Program targeting'!$B$11 -> soc_iron_tablets_severe_first_trimester_an_hm | P10: ='Program targeting'!$B$12 -> soc_iron_tablets_severe_second_trimester_an_hm | Q10: ='Program targeting'!$B$13 -> noninvasive_hb_diagnostic_first_trimester_an_hm | R10: ='Program targeting'!$B$14 -> noninvasive_hb_diagnostic_second_trimester_an_hm | S10: ='Program targeting'!$B$15 -> soc_preeclampsia_urine_dipstick_test_second_trimester_preecl_hm | T10: ='Program targeting'!$B$16 -> soc_preeclampsia_urine_dipstick_test_third_trimester_preecl_hm | U10: ='Program targeting'!$B$17 -> soc_ultrasound_routine_anc_hm | V10: ='Program targeting'!$B$18 -> ai_enabled_ultrasound_routine_anc_hm | W10: ='Program targeting'!$B$19 -> preeclampsia_risk_screen___prevention_drug_routine_preecl_hm | X10: ='Program targeting'!$B$20 -> soc_preeclampsia_treatment_third_trimester_severe_preecl_hm
A11: ='Program targeting'!$E$2 -> Anemia: Humans | B11: 0 | C11: Additive | D11: best | E11: 0 | Q11: 0.95 | R11: 0.95
A13: Proportion of mild anemia cases that are treated 1st trimester | B13: Baseline value | C13: Coverage interaction | D13: Impact interaction | E13: Uncertainty | G13: ='Program targeting'!$B$3 -> soc_rutf_community_19-59_wasting_hm | H13: ='Program targeting'!$B$4 -> soc_rutf_community_6-18_wasting_hm | I13: ='Program targeting'!$B$5 -> soc_rutf_hospitalized_19-59_wasting_hm | J13: ='Program targeting'!$B$6 -> soc_rutf_hospitalized_6-18_wasting_hm | K13: ='Program targeting'!$B$7 -> soc_iron_tablets_mild_first_trimester_an_hm | L13: ='Program targeting'!$B$8 -> soc_iron_tablets_mild_second_trimester_an_hm | M13: ='Program targeting'!$B$9 -> soc_iron_tablets_moderate_first_trimester_an_hm | N13: ='Program targeting'!$B$10 -> soc_iron_tablets_moderate_second_trimester_an_hm | O13: ='Program targeting'!$B$11 -> soc_iron_tablets_severe_first_trimester_an_hm | P13: ='Program targeting'!$B$12 -> soc_iron_tablets_severe_second_trimester_an_hm | Q13: ='Program targeting'!$B$13 -> noninvasive_hb_diagnostic_first_trimester_an_hm | R13: ='Program targeting'!$B$14 -> noninvasive_hb_diagnostic_second_trimester_an_hm | S13: ='Program targeting'!$B$15 -> soc_preeclampsia_urine_dipstick_test_second_trimester_preecl_hm | T13: ='Program targeting'!$B$16 -> soc_preeclampsia_urine_dipstick_test_third_trimester_preecl_hm | U13: ='Program targeting'!$B$17 -> soc_ultrasound_routine_anc_hm | V13: ='Program targeting'!$B$18 -> ai_enabled_ultrasound_routine_anc_hm | W13: ='Program targeting'!$B$19 -> preeclampsia_risk_screen___prevention_drug_routine_preecl_hm | X13: ='Program targeting'!$B$20 -> soc_preeclampsia_treatment_third_trimester_severe_preecl_hm
A14: ='Program targeting'!$E$2 -> Anemia: Humans | B14: 0 | C14: Additive | D14: best | E14: 0 | K14: 0.24
A16: Proportion of moderate anemia cases mitigated to mild anemia via treatment after 3 months 1st trimester | B16: Baseline value | C16: Coverage interaction | D16: Impact interaction | E16: Uncertainty | G16: ='Program targeting'!$B$3 -> soc_rutf_community_19-59_wasting_hm | H16: ='Program targeting'!$B$4 -> soc_rutf_community_6-18_wasting_hm | I16: ='Program targeting'!$B$5 -> soc_rutf_hospitalized_19-59_wasting_hm | J16: ='Program targeting'!$B$6 -> soc_rutf_hospitalized_6-18_wasting_hm | K16: ='Program targeting'!$B$7 -> soc_iron_tablets_mild_first_trimester_an_hm | L16: ='Program targeting'!$B$8 -> soc_iron_tablets_mild_second_trimester_an_hm | M16: ='Program targeting'!$B$9 -> soc_iron_tablets_moderate_first_trimester_an_hm | N16: ='Program targeting'!$B$10 -> soc_iron_tablets_moderate_second_trimester_an_hm | O16: ='Program targeting'!$B$11 -> soc_iron_tablets_severe_first_trimester_an_hm | P16: ='Program targeting'!$B$12 -> soc_iron_tablets_severe_second_trimester_an_hm | Q16: ='Program targeting'!$B$13 -> noninvasive_hb_diagnostic_first_trimester_an_hm | R16: ='Program targeting'!$B$14 -> noninvasive_hb_diagnostic_second_trimester_an_hm | S16: ='Program targeting'!$B$15 -> soc_preeclampsia_urine_dipstick_test_second_trimester_preecl_hm | T16: ='Program targeting'!$B$16 -> soc_preeclampsia_urine_dipstick_test_third_trimester_preecl_hm | U16: ='Program targeting'!$B$17 -> soc_ultrasound_routine_anc_hm | V16: ='Program targeting'!$B$18 -> ai_enabled_ultrasound_routine_anc_hm | W16: ='Program targeting'!$B$19 -> preeclampsia_risk_screen___prevention_drug_routine_preecl_hm | X16: ='Program targeting'!$B$20 -> soc_preeclampsia_treatment_third_trimester_severe_preecl_hm
A17: ='Program targeting'!$E$2 -> Anemia: Humans | B17: 0 | C17: Additive | D17: best | E17: 0 | M17: 0.12
A19: Proportion of severe anemia cases that are mitigated to moderate anemia via treatment after 3 months 1st trimester | B19: Baseline value | C19: Coverage interaction | D19: Impact interaction | E19: Uncertainty | G19: ='Program targeting'!$B$3 -> soc_rutf_community_19-59_wasting_hm | H19: ='Program targeting'!$B$4 -> soc_rutf_community_6-18_wasting_hm | I19: ='Program targeting'!$B$5 -> soc_rutf_hospitalized_19-59_wasting_hm | J19: ='Program targeting'!$B$6 -> soc_rutf_hospitalized_6-18_wasting_hm | K19: ='Program targeting'!$B$7 -> soc_iron_tablets_mild_first_trimester_an_hm | L19: ='Program targeting'!$B$8 -> soc_iron_tablets_mild_second_trimester_an_hm | M19: ='Program targeting'!$B$9 -> soc_iron_tablets_moderate_first_trimester_an_hm | N19: ='Program targeting'!$B$10 -> soc_iron_tablets_moderate_second_trimester_an_hm | O19: ='Program targeting'!$B$11 -> soc_iron_tablets_severe_first_trimester_an_hm | P19: ='Program targeting'!$B$12 -> soc_iron_tablets_severe_second_trimester_an_hm | Q19: ='Program targeting'!$B$13 -> noninvasive_hb_diagnostic_first_trimester_an_hm | R19: ='Program targeting'!$B$14 -> noninvasive_hb_diagnostic_second_trimester_an_hm | S19: ='Program targeting'!$B$15 -> soc_preeclampsia_urine_dipstick_test_second_trimester_preecl_hm | T19: ='Program targeting'!$B$16 -> soc_preeclampsia_urine_dipstick_test_third_trimester_preecl_hm | U19: ='Program targeting'!$B$17 -> soc_ultrasound_routine_anc_hm | V19: ='Program targeting'!$B$18 -> ai_enabled_ultrasound_routine_anc_hm | W19: ='Program targeting'!$B$19 -> preeclampsia_risk_screen___prevention_drug_routine_preecl_hm | X19: ='Program targeting'!$B$20 -> soc_preeclampsia_treatment_third_trimester_severe_preecl_hm
A20: ='Program targeting'!$E$2 -> Anemia: Humans | B20: 0 | C20: Additive | D20: best | E20: 0 | O20: 0.05
A22: Proportion of mild anemia cases that are treated 2nd trimester | B22: Baseline value | C22: Coverage interaction | D22: Impact interaction | E22: Uncertainty | G22: ='Program targeting'!$B$3 -> soc_rutf_community_19-59_wasting_hm | H22: ='Program targeting'!$B$4 -> soc_rutf_community_6-18_wasting_hm | I22: ='Program targeting'!$B$5 -> soc_rutf_hospitalized_19-59_wasting_hm | J22: ='Program targeting'!$B$6 -> soc_rutf_hospitalized_6-18_wasting_hm | K22: ='Program targeting'!$B$7 -> soc_iron_tablets_mild_first_trimester_an_hm | L22: ='Program targeting'!$B$8 -> soc_iron_tablets_mild_second_trimester_an_hm | M22: ='Program targeting'!$B$9 -> soc_iron_tablets_moderate_first_trimester_an_hm | N22: ='Program targeting'!$B$10 -> soc_iron_tablets_moderate_second_trimester_an_hm | O22: ='Program targeting'!$B$11 -> soc_iron_tablets_severe_first_trimester_an_hm | P22: ='Program targeting'!$B$12 -> soc_iron_tablets_severe_second_trimester_an_hm | Q22: ='Program targeting'!$B$13 -> noninvasive_hb_diagnostic_first_trimester_an_hm | R22: ='Program targeting'!$B$14 -> noninvasive_hb_diagnostic_second_trimester_an_hm | S22: ='Program targeting'!$B$15 -> soc_preeclampsia_urine_dipstick_test_second_trimester_preecl_hm | T22: ='Program targeting'!$B$16 -> soc_preeclampsia_urine_dipstick_test_third_trimester_preecl_hm | U22: ='Program targeting'!$B$17 -> soc_ultrasound_routine_anc_hm | V22: ='Program targeting'!$B$18 -> ai_enabled_ultrasound_routine_anc_hm | W22: ='Program targeting'!$B$19 -> preeclampsia_risk_screen___prevention_drug_routine_preecl_hm | X22: ='Program targeting'!$B$20 -> soc_preeclampsia_treatment_third_trimester_severe_preecl_hm
A23: ='Program targeting'!$E$2 -> Anemia: Humans | B23: 0 | C23: Additive | D23: best | E23: 0 | L23: 0.24
A25: Proportion of moderate anemia cases mitigated to mild anemia via treatment after 3 months 2nd trimester | B25: Baseline value | C25: Coverage interaction | D25: Impact interaction | E25: Uncertainty | G25: ='Program targeting'!$B$3 -> soc_rutf_community_19-59_wasting_hm | H25: ='Program targeting'!$B$4 -> soc_rutf_community_6-18_wasting_hm | I25: ='Program targeting'!$B$5 -> soc_rutf_hospitalized_19-59_wasting_hm | J25: ='Program targeting'!$B$6 -> soc_rutf_hospitalized_6-18_wasting_hm | K25: ='Program targeting'!$B$7 -> soc_iron_tablets_mild_first_trimester_an_hm | L25: ='Program targeting'!$B$8 -> soc_iron_tablets_mild_second_trimester_an_hm | M25: ='Program targeting'!$B$9 -> soc_iron_tablets_moderate_first_trimester_an_hm | N25: ='Program targeting'!$B$10 -> soc_iron_tablets_moderate_second_trimester_an_hm | O25: ='Program targeting'!$B$11 -> soc_iron_tablets_severe_first_trimester_an_hm | P25: ='Program targeting'!$B$12 -> soc_iron_tablets_severe_second_trimester_an_hm | Q25: ='Program targeting'!$B$13 -> noninvasive_hb_diagnostic_first_trimester_an_hm | R25: ='Program targeting'!$B$14 -> noninvasive_hb_diagnostic_second_trimester_an_hm | S25: ='Program targeting'!$B$15 -> soc_preeclampsia_urine_dipstick_test_second_trimester_preecl_hm | T25: ='Program targeting'!$B$16 -> soc_preeclampsia_urine_dipstick_test_third_trimester_preecl_hm | U25: ='Program targeting'!$B$17 -> soc_ultrasound_routine_anc_hm | V25: ='Program targeting'!$B$18 -> ai_enabled_ultrasound_routine_anc_hm | W25: ='Program targeting'!$B$19 -> preeclampsia_risk_screen___prevention_drug_routine_preecl_hm | X25: ='Program targeting'!$B$20 -> soc_preeclampsia_treatment_third_trimester_severe_preecl_hm
A26: ='Program targeting'!$E$2 -> Anemia: Humans | B26: 0 | C26: Additive | D26: best | E26: 0 | N26: 0.12
A28: Proportion of severe anemia cases that are mitigated to moderate anemia via treatment after 3 months 2nd trimester | B28: Baseline value | C28: Coverage interaction | D28: Impact interaction | E28: Uncertainty | G28: ='Program targeting'!$B$3 -> soc_rutf_community_19-59_wasting_hm | H28: ='Program targeting'!$B$4 -> soc_rutf_community_6-18_wasting_hm | I28: ='Program targeting'!$B$5 -> soc_rutf_hospitalized_19-59_wasting_hm | J28: ='Program targeting'!$B$6 -> soc_rutf_hospitalized_6-18_wasting_hm | K28: ='Program targeting'!$B$7 -> soc_iron_tablets_mild_first_trimester_an_hm | L28: ='Program targeting'!$B$8 -> soc_iron_tablets_mild_second_trimester_an_hm | M28: ='Program targeting'!$B$9 -> soc_iron_tablets_moderate_first_trimester_an_hm | N28: ='Program targeting'!$B$10 -> soc_iron_tablets_moderate_second_trimester_an_hm | O28: ='Program targeting'!$B$11 -> soc_iron_tablets_severe_first_trimester_an_hm | P28: ='Program targeting'!$B$12 -> soc_iron_tablets_severe_second_trimester_an_hm | Q28: ='Program targeting'!$B$13 -> noninvasive_hb_diagnostic_first_trimester_an_hm | R28: ='Program targeting'!$B$14 -> noninvasive_hb_diagnostic_second_trimester_an_hm | S28: ='Program targeting'!$B$15 -> soc_preeclampsia_urine_dipstick_test_second_trimester_preecl_hm | T28: ='Program targeting'!$B$16 -> soc_preeclampsia_urine_dipstick_test_third_trimester_preecl_hm | U28: ='Program targeting'!$B$17 -> soc_ultrasound_routine_anc_hm | V28: ='Program targeting'!$B$18 -> ai_enabled_ultrasound_routine_anc_hm | W28: ='Program targeting'!$B$19 -> preeclampsia_risk_screen___prevention_drug_routine_preecl_hm | X28: ='Program targeting'!$B$20 -> soc_preeclampsia_treatment_third_trimester_severe_preecl_hm
A29: ='Program targeting'!$E$2 -> Anemia: Humans | B29: 0 | C29: Additive | D29: best | E29: 0 | P29: 0.05
A31: Proportion of treated moderate anemia mitigated to mild anemia after 3 months postpartum | B31: Baseline value | C31: Coverage interaction | D31: Impact interaction | E31: Uncertainty | G31: ='Program targeting'!$B$3 -> soc_rutf_community_19-59_wasting_hm | H31: ='Program targeting'!$B$4 -> soc_rutf_community_6-18_wasting_hm | I31: ='Program targeting'!$B$5 -> soc_rutf_hospitalized_19-59_wasting_hm | J31: ='Program targeting'!$B$6 -> soc_rutf_hospitalized_6-18_wasting_hm | K31: ='Program targeting'!$B$7 -> soc_iron_tablets_mild_first_trimester_an_hm | L31: ='Program targeting'!$B$8 -> soc_iron_tablets_mild_second_trimester_an_hm | M31: ='Program targeting'!$B$9 -> soc_iron_tablets_moderate_first_trimester_an_hm | N31: ='Program targeting'!$B$10 -> soc_iron_tablets_moderate_second_trimester_an_hm | O31: ='Program targeting'!$B$11 -> soc_iron_tablets_severe_first_trimester_an_hm | P31: ='Program targeting'!$B$12 -> soc_iron_tablets_severe_second_trimester_an_hm | Q31: ='Program targeting'!$B$13 -> noninvasive_hb_diagnostic_first_trimester_an_hm | R31: ='Program targeting'!$B$14 -> noninvasive_hb_diagnostic_second_trimester_an_hm | S31: ='Program targeting'!$B$15 -> soc_preeclampsia_urine_dipstick_test_second_trimester_preecl_hm | T31: ='Program targeting'!$B$16 -> soc_preeclampsia_urine_dipstick_test_third_trimester_preecl_hm | U31: ='Program targeting'!$B$17 -> soc_ultrasound_routine_anc_hm | V31: ='Program targeting'!$B$18 -> ai_enabled_ultrasound_routine_anc_hm | W31: ='Program targeting'!$B$19 -> preeclampsia_risk_screen___prevention_drug_routine_preecl_hm | X31: ='Program targeting'!$B$20 -> soc_preeclampsia_treatment_third_trimester_severe_preecl_hm
A32: ='Program targeting'!$E$2 -> Anemia: Humans | B32: 0 | C32: Additive | D32: best | E32: 0
A34: Proportion of treated severe anemia mitigated to moderate anemia after 3 months postpartum | B34: Baseline value | C34: Coverage interaction | D34: Impact interaction | E34: Uncertainty | G34: ='Program targeting'!$B$3 -> soc_rutf_community_19-59_wasting_hm | H34: ='Program targeting'!$B$4 -> soc_rutf_community_6-18_wasting_hm | I34: ='Program targeting'!$B$5 -> soc_rutf_hospitalized_19-59_wasting_hm | J34: ='Program targeting'!$B$6 -> soc_rutf_hospitalized_6-18_wasting_hm | K34: ='Program targeting'!$B$7 -> soc_iron_tablets_mild_first_trimester_an_hm | L34: ='Program targeting'!$B$8 -> soc_iron_tablets_mild_second_trimester_an_hm | M34: ='Program targeting'!$B$9 -> soc_iron_tablets_moderate_first_trimester_an_hm | N34: ='Program targeting'!$B$10 -> soc_iron_tablets_moderate_second_trimester_an_hm | O34: ='Program targeting'!$B$11 -> soc_iron_tablets_severe_first_trimester_an_hm | P34: ='Program targeting'!$B$12 -> soc_iron_tablets_severe_second_trimester_an_hm | Q34: ='Program targeting'!$B$13 -> noninvasive_hb_diagnostic_first_trimester_an_hm | R34: ='Program targeting'!$B$14 -> noninvasive_hb_diagnostic_second_trimester_an_hm | S34: ='Program targeting'!$B$15 -> soc_preeclampsia_urine_dipstick_test_second_trimester_preecl_hm | T34: ='Program targeting'!$B$16 -> soc_preeclampsia_urine_dipstick_test_third_trimester_preecl_hm | U34: ='Program targeting'!$B$17 -> soc_ultrasound_routine_anc_hm | V34: ='Program targeting'!$B$18 -> ai_enabled_ultrasound_routine_anc_hm | W34: ='Program targeting'!$B$19 -> preeclampsia_risk_screen___prevention_drug_routine_preecl_hm | X34: ='Program targeting'!$B$20 -> soc_preeclampsia_treatment_third_trimester_severe_preecl_hm
A35: ='Program targeting'!$E$2 -> Anemia: Humans | B35: 0 | C35: Additive | D35: best | E35: 0
A37: Maternal sepsis: Maternal Azithromycin product coverage | B37: Baseline value | C37: Coverage interaction | D37: Impact interaction | E37: Uncertainty | G37: ='Program targeting'!$B$3 -> soc_rutf_community_19-59_wasting_hm | H37: ='Program targeting'!$B$4 -> soc_rutf_community_6-18_wasting_hm | I37: ='Program targeting'!$B$5 -> soc_rutf_hospitalized_19-59_wasting_hm | J37: ='Program targeting'!$B$6 -> soc_rutf_hospitalized_6-18_wasting_hm | K37: ='Program targeting'!$B$7 -> soc_iron_tablets_mild_first_trimester_an_hm | L37: ='Program targeting'!$B$8 -> soc_iron_tablets_mild_second_trimester_an_hm | M37: ='Program targeting'!$B$9 -> soc_iron_tablets_moderate_first_trimester_an_hm | N37: ='Program targeting'!$B$10 -> soc_iron_tablets_moderate_second_trimester_an_hm | O37: ='Program targeting'!$B$11 -> soc_iron_tablets_severe_first_trimester_an_hm | P37: ='Program targeting'!$B$12 -> soc_iron_tablets_severe_second_trimester_an_hm | Q37: ='Program targeting'!$B$13 -> noninvasive_hb_diagnostic_first_trimester_an_hm | R37: ='Program targeting'!$B$14 -> noninvasive_hb_diagnostic_second_trimester_an_hm | S37: ='Program targeting'!$B$15 -> soc_preeclampsia_urine_dipstick_test_second_trimester_preecl_hm | T37: ='Program targeting'!$B$16 -> soc_preeclampsia_urine_dipstick_test_third_trimester_preecl_hm | U37: ='Program targeting'!$B$17 -> soc_ultrasound_routine_anc_hm | V37: ='Program targeting'!$B$18 -> ai_enabled_ultrasound_routine_anc_hm | W37: ='Program targeting'!$B$19 -> preeclampsia_risk_screen___prevention_drug_routine_preecl_hm | X37: ='Program targeting'!$B$20 -> soc_preeclampsia_treatment_third_trimester_severe_preecl_hm
A38: ='Program targeting'!$G$2 -> Maternal sepsis: Humans | B38: 0 | C38: Additive | D38: best | E38: 0
A40: Maternal sepsis: Maternal Azithromycin pregnancy coverage for births at a referral facility | B40: Baseline value | C40: Coverage interaction | D40: Impact interaction | E40: Uncertainty | G40: ='Program targeting'!$B$3 -> soc_rutf_community_19-59_wasting_hm | H40: ='Program targeting'!$B$4 -> soc_rutf_community_6-18_wasting_hm | I40: ='Program targeting'!$B$5 -> soc_rutf_hospitalized_19-59_wasting_hm | J40: ='Program targeting'!$B$6 -> soc_rutf_hospitalized_6-18_wasting_hm | K40: ='Program targeting'!$B$7 -> soc_iron_tablets_mild_first_trimester_an_hm | L40: ='Program targeting'!$B$8 -> soc_iron_tablets_mild_second_trimester_an_hm | M40: ='Program targeting'!$B$9 -> soc_iron_tablets_moderate_first_trimester_an_hm | N40: ='Program targeting'!$B$10 -> soc_iron_tablets_moderate_second_trimester_an_hm | O40: ='Program targeting'!$B$11 -> soc_iron_tablets_severe_first_trimester_an_hm | P40: ='Program targeting'!$B$12 -> soc_iron_tablets_severe_second_trimester_an_hm | Q40: ='Program targeting'!$B$13 -> noninvasive_hb_diagnostic_first_trimester_an_hm | R40: ='Program targeting'!$B$14 -> noninvasive_hb_diagnostic_second_trimester_an_hm | S40: ='Program targeting'!$B$15 -> soc_preeclampsia_urine_dipstick_test_second_trimester_preecl_hm | T40: ='Program targeting'!$B$16 -> soc_preeclampsia_urine_dipstick_test_third_trimester_preecl_hm | U40: ='Program targeting'!$B$17 -> soc_ultrasound_routine_anc_hm | V40: ='Program targeting'!$B$18 -> ai_enabled_ultrasound_routine_anc_hm | W40: ='Program targeting'!$B$19 -> preeclampsia_risk_screen___prevention_drug_routine_preecl_hm | X40: ='Program targeting'!$B$20 -> soc_preeclampsia_treatment_third_trimester_severe_preecl_hm
A41: ='Program targeting'!$G$2 -> Maternal sepsis: Humans | B41: 0 | C41: Additive | D41: best | E41: 0
A43: Preeclampsia: Prevention product efficacy | B43: Baseline value | C43: Coverage interaction | D43: Impact interaction | E43: Uncertainty | G43: ='Program targeting'!$B$3 -> soc_rutf_community_19-59_wasting_hm | H43: ='Program targeting'!$B$4 -> soc_rutf_community_6-18_wasting_hm | I43: ='Program targeting'!$B$5 -> soc_rutf_hospitalized_19-59_wasting_hm | J43: ='Program targeting'!$B$6 -> soc_rutf_hospitalized_6-18_wasting_hm | K43: ='Program targeting'!$B$7 -> soc_iron_tablets_mild_first_trimester_an_hm | L43: ='Program targeting'!$B$8 -> soc_iron_tablets_mild_second_trimester_an_hm | M43: ='Program targeting'!$B$9 -> soc_iron_tablets_moderate_first_trimester_an_hm | N43: ='Program targeting'!$B$10 -> soc_iron_tablets_moderate_second_trimester_an_hm | O43: ='Program targeting'!$B$11 -> soc_iron_tablets_severe_first_trimester_an_hm | P43: ='Program targeting'!$B$12 -> soc_iron_tablets_severe_second_trimester_an_hm | Q43: ='Program targeting'!$B$13 -> noninvasive_hb_diagnostic_first_trimester_an_hm | R43: ='Program targeting'!$B$14 -> noninvasive_hb_diagnostic_second_trimester_an_hm | S43: ='Program targeting'!$B$15 -> soc_preeclampsia_urine_dipstick_test_second_trimester_preecl_hm | T43: ='Program targeting'!$B$16 -> soc_preeclampsia_urine_dipstick_test_third_trimester_preecl_hm | U43: ='Program targeting'!$B$17 -> soc_ultrasound_routine_anc_hm | V43: ='Program targeting'!$B$18 -> ai_enabled_ultrasound_routine_anc_hm | W43: ='Program targeting'!$B$19 -> preeclampsia_risk_screen___prevention_drug_routine_preecl_hm | X43: ='Program targeting'!$B$20 -> soc_preeclampsia_treatment_third_trimester_severe_preecl_hm
A44: ='Program targeting'!$H$2 -> Preeclampsia: Humans | B44: 0 | C44: Additive | D44: best | E44: 0 | W44: 1
A46: Preeclampsia: Sensitivity of ANC pre-eclampsia test 2nd trimester | B46: Baseline value | C46: Coverage interaction | D46: Impact interaction | E46: Uncertainty | G46: ='Program targeting'!$B$3 -> soc_rutf_community_19-59_wasting_hm | H46: ='Program targeting'!$B$4 -> soc_rutf_community_6-18_wasting_hm | I46: ='Program targeting'!$B$5 -> soc_rutf_hospitalized_19-59_wasting_hm | J46: ='Program targeting'!$B$6 -> soc_rutf_hospitalized_6-18_wasting_hm | K46: ='Program targeting'!$B$7 -> soc_iron_tablets_mild_first_trimester_an_hm | L46: ='Program targeting'!$B$8 -> soc_iron_tablets_mild_second_trimester_an_hm | M46: ='Program targeting'!$B$9 -> soc_iron_tablets_moderate_first_trimester_an_hm | N46: ='Program targeting'!$B$10 -> soc_iron_tablets_moderate_second_trimester_an_hm | O46: ='Program targeting'!$B$11 -> soc_iron_tablets_severe_first_trimester_an_hm | P46: ='Program targeting'!$B$12 -> soc_iron_tablets_severe_second_trimester_an_hm | Q46: ='Program targeting'!$B$13 -> noninvasive_hb_diagnostic_first_trimester_an_hm | R46: ='Program targeting'!$B$14 -> noninvasive_hb_diagnostic_second_trimester_an_hm | S46: ='Program targeting'!$B$15 -> soc_preeclampsia_urine_dipstick_test_second_trimester_preecl_hm | T46: ='Program targeting'!$B$16 -> soc_preeclampsia_urine_dipstick_test_third_trimester_preecl_hm | U46: ='Program targeting'!$B$17 -> soc_ultrasound_routine_anc_hm | V46: ='Program targeting'!$B$18 -> ai_enabled_ultrasound_routine_anc_hm | W46: ='Program targeting'!$B$19 -> preeclampsia_risk_screen___prevention_drug_routine_preecl_hm | X46: ='Program targeting'!$B$20 -> soc_preeclampsia_treatment_third_trimester_severe_preecl_hm
A47: ='Program targeting'!$H$2 -> Preeclampsia: Humans | B47: 0 | C47: Additive | D47: best | E47: 0 | S47: 0.68
A49: Preeclampsia: Pre-eclampsia product efficacy 2nd trimester | B49: Baseline value | C49: Coverage interaction | D49: Impact interaction | E49: Uncertainty | G49: ='Program targeting'!$B$3 -> soc_rutf_community_19-59_wasting_hm | H49: ='Program targeting'!$B$4 -> soc_rutf_community_6-18_wasting_hm | I49: ='Program targeting'!$B$5 -> soc_rutf_hospitalized_19-59_wasting_hm | J49: ='Program targeting'!$B$6 -> soc_rutf_hospitalized_6-18_wasting_hm | K49: ='Program targeting'!$B$7 -> soc_iron_tablets_mild_first_trimester_an_hm | L49: ='Program targeting'!$B$8 -> soc_iron_tablets_mild_second_trimester_an_hm | M49: ='Program targeting'!$B$9 -> soc_iron_tablets_moderate_first_trimester_an_hm | N49: ='Program targeting'!$B$10 -> soc_iron_tablets_moderate_second_trimester_an_hm | O49: ='Program targeting'!$B$11 -> soc_iron_tablets_severe_first_trimester_an_hm | P49: ='Program targeting'!$B$12 -> soc_iron_tablets_severe_second_trimester_an_hm | Q49: ='Program targeting'!$B$13 -> noninvasive_hb_diagnostic_first_trimester_an_hm | R49: ='Program targeting'!$B$14 -> noninvasive_hb_diagnostic_second_trimester_an_hm | S49: ='Program targeting'!$B$15 -> soc_preeclampsia_urine_dipstick_test_second_trimester_preecl_hm | T49: ='Program targeting'!$B$16 -> soc_preeclampsia_urine_dipstick_test_third_trimester_preecl_hm | U49: ='Program targeting'!$B$17 -> soc_ultrasound_routine_anc_hm | V49: ='Program targeting'!$B$18 -> ai_enabled_ultrasound_routine_anc_hm | W49: ='Program targeting'!$B$19 -> preeclampsia_risk_screen___prevention_drug_routine_preecl_hm | X49: ='Program targeting'!$B$20 -> soc_preeclampsia_treatment_third_trimester_severe_preecl_hm
A50: ='Program targeting'!$H$2 -> Preeclampsia: Humans | B50: 0 | C50: Additive | D50: best | E50: 0
A52: Preeclampsia: Sensitivity of ANC pre-eclampsia test for severe pre-eclampsia 3rd trimester | B52: Baseline value | C52: Coverage interaction | D52: Impact interaction | E52: Uncertainty | G52: ='Program targeting'!$B$3 -> soc_rutf_community_19-59_wasting_hm | H52: ='Program targeting'!$B$4 -> soc_rutf_community_6-18_wasting_hm | I52: ='Program targeting'!$B$5 -> soc_rutf_hospitalized_19-59_wasting_hm | J52: ='Program targeting'!$B$6 -> soc_rutf_hospitalized_6-18_wasting_hm | K52: ='Program targeting'!$B$7 -> soc_iron_tablets_mild_first_trimester_an_hm | L52: ='Program targeting'!$B$8 -> soc_iron_tablets_mild_second_trimester_an_hm | M52: ='Program targeting'!$B$9 -> soc_iron_tablets_moderate_first_trimester_an_hm | N52: ='Program targeting'!$B$10 -> soc_iron_tablets_moderate_second_trimester_an_hm | O52: ='Program targeting'!$B$11 -> soc_iron_tablets_severe_first_trimester_an_hm | P52: ='Program targeting'!$B$12 -> soc_iron_tablets_severe_second_trimester_an_hm | Q52: ='Program targeting'!$B$13 -> noninvasive_hb_diagnostic_first_trimester_an_hm | R52: ='Program targeting'!$B$14 -> noninvasive_hb_diagnostic_second_trimester_an_hm | S52: ='Program targeting'!$B$15 -> soc_preeclampsia_urine_dipstick_test_second_trimester_preecl_hm | T52: ='Program targeting'!$B$16 -> soc_preeclampsia_urine_dipstick_test_third_trimester_preecl_hm | U52: ='Program targeting'!$B$17 -> soc_ultrasound_routine_anc_hm | V52: ='Program targeting'!$B$18 -> ai_enabled_ultrasound_routine_anc_hm | W52: ='Program targeting'!$B$19 -> preeclampsia_risk_screen___prevention_drug_routine_preecl_hm | X52: ='Program targeting'!$B$20 -> soc_preeclampsia_treatment_third_trimester_severe_preecl_hm
A53: ='Program targeting'!$H$2 -> Preeclampsia: Humans | B53: 0 | C53: Additive | E53: 0 | T53: 0.68
A55: Preeclampsia: Sensitivity of ANC pre-eclampsia for non-severe pre-eclampsia test 3rd trimester | B55: Baseline value | C55: Coverage interaction | D55: Impact interaction | E55: Uncertainty | G55: ='Program targeting'!$B$3 -> soc_rutf_community_19-59_wasting_hm | H55: ='Program targeting'!$B$4 -> soc_rutf_community_6-18_wasting_hm | I55: ='Program targeting'!$B$5 -> soc_rutf_hospitalized_19-59_wasting_hm | J55: ='Program targeting'!$B$6 -> soc_rutf_hospitalized_6-18_wasting_hm | K55: ='Program targeting'!$B$7 -> soc_iron_tablets_mild_first_trimester_an_hm | L55: ='Program targeting'!$B$8 -> soc_iron_tablets_mild_second_trimester_an_hm | M55: ='Program targeting'!$B$9 -> soc_iron_tablets_moderate_first_trimester_an_hm | N55: ='Program targeting'!$B$10 -> soc_iron_tablets_moderate_second_trimester_an_hm | O55: ='Program targeting'!$B$11 -> soc_iron_tablets_severe_first_trimester_an_hm | P55: ='Program targeting'!$B$12 -> soc_iron_tablets_severe_second_trimester_an_hm | Q55: ='Program targeting'!$B$13 -> noninvasive_hb_diagnostic_first_trimester_an_hm | R55: ='Program targeting'!$B$14 -> noninvasive_hb_diagnostic_second_trimester_an_hm | S55: ='Program targeting'!$B$15 -> soc_preeclampsia_urine_dipstick_test_second_trimester_preecl_hm | T55: ='Program targeting'!$B$16 -> soc_preeclampsia_urine_dipstick_test_third_trimester_preecl_hm | U55: ='Program targeting'!$B$17 -> soc_ultrasound_routine_anc_hm | V55: ='Program targeting'!$B$18 -> ai_enabled_ultrasound_routine_anc_hm | W55: ='Program targeting'!$B$19 -> preeclampsia_risk_screen___prevention_drug_routine_preecl_hm | X55: ='Program targeting'!$B$20 -> soc_preeclampsia_treatment_third_trimester_severe_preecl_hm
A56: ='Program targeting'!$H$2 -> Preeclampsia: Humans | B56: 0 | C56: Additive | E56: 0 | T56: 0.68
A58: Preeclampsia: Pre-eclampsia product efficacy for severe pre-eclampsia 3rd trimester | B58: Baseline value | C58: Coverage interaction | D58: Impact interaction | E58: Uncertainty | G58: ='Program targeting'!$B$3 -> soc_rutf_community_19-59_wasting_hm | H58: ='Program targeting'!$B$4 -> soc_rutf_community_6-18_wasting_hm | I58: ='Program targeting'!$B$5 -> soc_rutf_hospitalized_19-59_wasting_hm | J58: ='Program targeting'!$B$6 -> soc_rutf_hospitalized_6-18_wasting_hm | K58: ='Program targeting'!$B$7 -> soc_iron_tablets_mild_first_trimester_an_hm | L58: ='Program targeting'!$B$8 -> soc_iron_tablets_mild_second_trimester_an_hm | M58: ='Program targeting'!$B$9 -> soc_iron_tablets_moderate_first_trimester_an_hm | N58: ='Program targeting'!$B$10 -> soc_iron_tablets_moderate_second_trimester_an_hm | O58: ='Program targeting'!$B$11 -> soc_iron_tablets_severe_first_trimester_an_hm | P58: ='Program targeting'!$B$12 -> soc_iron_tablets_severe_second_trimester_an_hm | Q58: ='Program targeting'!$B$13 -> noninvasive_hb_diagnostic_first_trimester_an_hm | R58: ='Program targeting'!$B$14 -> noninvasive_hb_diagnostic_second_trimester_an_hm | S58: ='Program targeting'!$B$15 -> soc_preeclampsia_urine_dipstick_test_second_trimester_preecl_hm | T58: ='Program targeting'!$B$16 -> soc_preeclampsia_urine_dipstick_test_third_trimester_preecl_hm | U58: ='Program targeting'!$B$17 -> soc_ultrasound_routine_anc_hm | V58: ='Program targeting'!$B$18 -> ai_enabled_ultrasound_routine_anc_hm | W58: ='Program targeting'!$B$19 -> preeclampsia_risk_screen___prevention_drug_routine_preecl_hm | X58: ='Program targeting'!$B$20 -> soc_preeclampsia_treatment_third_trimester_severe_preecl_hm
A59: ='Program targeting'!$H$2 -> Preeclampsia: Humans | B59: 0 | C59: Additive | D59: best | E59: 0 | X59: 0.4
A61: Preeclampsia: Pre-eclampsia product efficacy for non-severe pre-eclampsia 3rd trimester | B61: Baseline value | C61: Coverage interaction | D61: Impact interaction | E61: Uncertainty | G61: ='Program targeting'!$B$3 -> soc_rutf_community_19-59_wasting_hm | H61: ='Program targeting'!$B$4 -> soc_rutf_community_6-18_wasting_hm | I61: ='Program targeting'!$B$5 -> soc_rutf_hospitalized_19-59_wasting_hm | J61: ='Program targeting'!$B$6 -> soc_rutf_hospitalized_6-18_wasting_hm | K61: ='Program targeting'!$B$7 -> soc_iron_tablets_mild_first_trimester_an_hm | L61: ='Program targeting'!$B$8 -> soc_iron_tablets_mild_second_trimester_an_hm | M61: ='Program targeting'!$B$9 -> soc_iron_tablets_moderate_first_trimester_an_hm | N61: ='Program targeting'!$B$10 -> soc_iron_tablets_moderate_second_trimester_an_hm | O61: ='Program targeting'!$B$11 -> soc_iron_tablets_severe_first_trimester_an_hm | P61: ='Program targeting'!$B$12 -> soc_iron_tablets_severe_second_trimester_an_hm | Q61: ='Program targeting'!$B$13 -> noninvasive_hb_diagnostic_first_trimester_an_hm | R61: ='Program targeting'!$B$14 -> noninvasive_hb_diagnostic_second_trimester_an_hm | S61: ='Program targeting'!$B$15 -> soc_preeclampsia_urine_dipstick_test_second_trimester_preecl_hm | T61: ='Program targeting'!$B$16 -> soc_preeclampsia_urine_dipstick_test_third_trimester_preecl_hm | U61: ='Program targeting'!$B$17 -> soc_ultrasound_routine_anc_hm | V61: ='Program targeting'!$B$18 -> ai_enabled_ultrasound_routine_anc_hm | W61: ='Program targeting'!$B$19 -> preeclampsia_risk_screen___prevention_drug_routine_preecl_hm | X61: ='Program targeting'!$B$20 -> soc_preeclampsia_treatment_third_trimester_severe_preecl_hm
A62: ='Program targeting'!$H$2 -> Preeclampsia: Humans | B62: 0 | C62: Additive | D62: best | E62: 0
A64: Maternal nutrition: Multiple micronutrient supplement product efficacy - stillbirth | B64: Baseline value | C64: Coverage interaction | D64: Impact interaction | E64: Uncertainty | G64: ='Program targeting'!$B$3 -> soc_rutf_community_19-59_wasting_hm | H64: ='Program targeting'!$B$4 -> soc_rutf_community_6-18_wasting_hm | I64: ='Program targeting'!$B$5 -> soc_rutf_hospitalized_19-59_wasting_hm | J64: ='Program targeting'!$B$6 -> soc_rutf_hospitalized_6-18_wasting_hm | K64: ='Program targeting'!$B$7 -> soc_iron_tablets_mild_first_trimester_an_hm | L64: ='Program targeting'!$B$8 -> soc_iron_tablets_mild_second_trimester_an_hm | M64: ='Program targeting'!$B$9 -> soc_iron_tablets_moderate_first_trimester_an_hm | N64: ='Program targeting'!$B$10 -> soc_iron_tablets_moderate_second_trimester_an_hm | O64: ='Program targeting'!$B$11 -> soc_iron_tablets_severe_first_trimester_an_hm | P64: ='Program targeting'!$B$12 -> soc_iron_tablets_severe_second_trimester_an_hm | Q64: ='Program targeting'!$B$13 -> noninvasive_hb_diagnostic_first_trimester_an_hm | R64: ='Program targeting'!$B$14 -> noninvasive_hb_diagnostic_second_trimester_an_hm | S64: ='Program targeting'!$B$15 -> soc_preeclampsia_urine_dipstick_test_second_trimester_preecl_hm | T64: ='Program targeting'!$B$16 -> soc_preeclampsia_urine_dipstick_test_third_trimester_preecl_hm | U64: ='Program targeting'!$B$17 -> soc_ultrasound_routine_anc_hm | V64: ='Program targeting'!$B$18 -> ai_enabled_ultrasound_routine_anc_hm | W64: ='Program targeting'!$B$19 -> preeclampsia_risk_screen___prevention_drug_routine_preecl_hm | X64: ='Program targeting'!$B$20 -> soc_preeclampsia_treatment_third_trimester_severe_preecl_hm
A65: ='Program targeting'!$I$2 -> Maternal nutrition: Humans | B65: 0 | C65: Additive | D65: best | E65: 0
A67: Maternal nutrition: Multiple micronutrient supplement product efficacy - preterm | B67: Baseline value | C67: Coverage interaction | D67: Impact interaction | E67: Uncertainty | G67: ='Program targeting'!$B$3 -> soc_rutf_community_19-59_wasting_hm | H67: ='Program targeting'!$B$4 -> soc_rutf_community_6-18_wasting_hm | I67: ='Program targeting'!$B$5 -> soc_rutf_hospitalized_19-59_wasting_hm | J67: ='Program targeting'!$B$6 -> soc_rutf_hospitalized_6-18_wasting_hm | K67: ='Program targeting'!$B$7 -> soc_iron_tablets_mild_first_trimester_an_hm | L67: ='Program targeting'!$B$8 -> soc_iron_tablets_mild_second_trimester_an_hm | M67: ='Program targeting'!$B$9 -> soc_iron_tablets_moderate_first_trimester_an_hm | N67: ='Program targeting'!$B$10 -> soc_iron_tablets_moderate_second_trimester_an_hm | O67: ='Program targeting'!$B$11 -> soc_iron_tablets_severe_first_trimester_an_hm | P67: ='Program targeting'!$B$12 -> soc_iron_tablets_severe_second_trimester_an_hm | Q67: ='Program targeting'!$B$13 -> noninvasive_hb_diagnostic_first_trimester_an_hm | R67: ='Program targeting'!$B$14 -> noninvasive_hb_diagnostic_second_trimester_an_hm | S67: ='Program targeting'!$B$15 -> soc_preeclampsia_urine_dipstick_test_second_trimester_preecl_hm | T67: ='Program targeting'!$B$16 -> soc_preeclampsia_urine_dipstick_test_third_trimester_preecl_hm | U67: ='Program targeting'!$B$17 -> soc_ultrasound_routine_anc_hm | V67: ='Program targeting'!$B$18 -> ai_enabled_ultrasound_routine_anc_hm | W67: ='Program targeting'!$B$19 -> preeclampsia_risk_screen___prevention_drug_routine_preecl_hm | X67: ='Program targeting'!$B$20 -> soc_preeclampsia_treatment_third_trimester_severe_preecl_hm
A68: ='Program targeting'!$I$2 -> Maternal nutrition: Humans | B68: 0 | C68: Additive | D68: best | E68: 0
A70: Maternal nutrition: Multiple micronutrient supplement product efficacy - small for gestantion age | B70: Baseline value | C70: Coverage interaction | D70: Impact interaction | E70: Uncertainty | G70: ='Program targeting'!$B$3 -> soc_rutf_community_19-59_wasting_hm | H70: ='Program targeting'!$B$4 -> soc_rutf_community_6-18_wasting_hm | I70: ='Program targeting'!$B$5 -> soc_rutf_hospitalized_19-59_wasting_hm | J70: ='Program targeting'!$B$6 -> soc_rutf_hospitalized_6-18_wasting_hm | K70: ='Program targeting'!$B$7 -> soc_iron_tablets_mild_first_trimester_an_hm | L70: ='Program targeting'!$B$8 -> soc_iron_tablets_mild_second_trimester_an_hm | M70: ='Program targeting'!$B$9 -> soc_iron_tablets_moderate_first_trimester_an_hm | N70: ='Program targeting'!$B$10 -> soc_iron_tablets_moderate_second_trimester_an_hm | O70: ='Program targeting'!$B$11 -> soc_iron_tablets_severe_first_trimester_an_hm | P70: ='Program targeting'!$B$12 -> soc_iron_tablets_severe_second_trimester_an_hm | Q70: ='Program targeting'!$B$13 -> noninvasive_hb_diagnostic_first_trimester_an_hm | R70: ='Program targeting'!$B$14 -> noninvasive_hb_diagnostic_second_trimester_an_hm | S70: ='Program targeting'!$B$15 -> soc_preeclampsia_urine_dipstick_test_second_trimester_preecl_hm | T70: ='Program targeting'!$B$16 -> soc_preeclampsia_urine_dipstick_test_third_trimester_preecl_hm | U70: ='Program targeting'!$B$17 -> soc_ultrasound_routine_anc_hm | V70: ='Program targeting'!$B$18 -> ai_enabled_ultrasound_routine_anc_hm | W70: ='Program targeting'!$B$19 -> preeclampsia_risk_screen___prevention_drug_routine_preecl_hm | X70: ='Program targeting'!$B$20 -> soc_preeclampsia_treatment_third_trimester_severe_preecl_hm
A71: ='Program targeting'!$I$2 -> Maternal nutrition: Humans | B71: 0 | C71: Additive | D71: best | E71: 0
